StudentID,Age,Gender,AcademicYear,Major,BreakfastFrequency,MealsPerDay,FastFoodPerWeek,HomeCookedMealsPerWeek,VegFruitServingsPerDay,CalorieAwareness,CuisinePreference,EatingLocation,StressLevel,ComfortFoodTrigger,WaterIntakeLiters,SleepHours,ExercisePerWeek,ConcentrationLevel,CGPA,MonthlyFoodBudgetINR,EnergyLevel,DietQualityScore,IsHealthyEater,PerformanceBand,StressEater,SkipsBreakfast
1,23,Female,3,Arts,Rarely,3,1,11,2.3,Yes,Chinese,Outside,6,Stress,2.8,6.3,1,4,5.78,3578.0,6,6.25,Healthy,Below Average,Yes,Yes
2,17,Male,3,Medicine,Often,1,3,10,1.8,No,Continental,Hostel Mess,3,No Trigger,2.7,5.0,2,6,6.88,3289.0,4,4.2,Needs Improvement,Average,No,No
3,18,Female,4,Commerce,Never,3,2,12,2.8,No,Fast Food,Home,10,Stress,2.7,6.7,1,4,4.99,3064.0,6,6.8,Healthy,Below Average,Yes,Yes
4,19,Female,3,Medicine,Never,4,2,10,4.5,No,Chinese,Hostel Mess,3,Stress,1.3,7.4,2,6,6.04,3529.0,6,8.75,Healthy,Average,Yes,Yes
5,18,Female,2,Engineering,Daily,3,3,8,3.1,No,Indian,Outside,9,Stress,2.0,6.4,2,5,5.9,3883.0,6,5.55,Healthy,Below Average,Yes,No
6,20,Male,1,Commerce,Never,2,2,12,0.4,No,Continental,Cafeteria,5,Boredom,3.1,7.5,2,3,5.4,2913.0,6,3.2,Needs Improvement,Below Average,Yes,Yes
7,22,Male,4,Commerce,Rarely,3,2,8,1.3,No,Italian,Cafeteria,7,Stress,2.7,5.3,1,6,5.88,4113.0,6,3.35,Needs Improvement,Below Average,Yes,Yes
8,18,Other,4,Science,Daily,4,4,8,0.6,No,Mixed,Outside,8,No Trigger,2.7,8.3,3,7,5.84,4680.0,6,1.3,Needs Improvement,Below Average,No,No
9,20,Female,1,Medicine,Daily,3,4,6,3.5,Yes,Indian,Hostel Mess,1,Boredom,2.2,5.2,0,8,6.71,5078.0,6,5.05,Healthy,Average,Yes,No
10,17,Female,1,Engineering,Rarely,3,2,12,3.0,Yes,Indian,Hostel Mess,6,Sadness,1.7,6.5,2,6,6.38,5546.0,7,7.1,Healthy,Average,No,Yes
11,19,Female,3,Medicine,Often,3,2,12,0.6,No,Mixed,Home,7,Stress,2.5,4.6,2,7,6.45,5214.0,3,3.5,Needs Improvement,Average,Yes,No
12,24,Female,4,Science,Rarely,2,1,11,2.5,No,Fast Food,Home,10,Stress,1.8,7.2,1,5,6.52,3059.0,5,6.55,Healthy,Average,Yes,Yes
13,17,Male,4,Engineering,Rarely,2,5,7,1.5,No,Continental,Cafeteria,5,Sadness,3.3,8.0,0,7,7.56,2776.0,8,1.85,Needs Improvement,Good,No,Yes
14,21,Female,4,Commerce,Daily,3,5,5,1.8,No,Chinese,Cafeteria,2,Stress,1.3,7.5,3,8,6.32,3248.0,9,1.7,Needs Improvement,Average,Yes,No
15,19,Female,4,Engineering,Rarely,2,4,9,2.6,No,Continental,Hostel Mess,7,Happiness,1.3,7.7,2,5,5.84,3764.0,8,4.6,Healthy,Below Average,No,Yes
16,21,Male,4,Engineering,Rarely,2,6,6,3.8,Yes,Chinese,Home,9,Happiness,1.7,6.6,0,4,5.77,5170.0,6,4.5,Healthy,Below Average,No,Yes
17,21,Female,2,Arts,Rarely,4,4,7,5.1,No,Fast Food,Hostel Mess,10,Happiness,2.6,6.9,2,4,4.17,4568.0,4,7.75,Healthy,Below Average,No,Yes
18,21,Other,4,Medicine,Never,1,3,9,1.2,Yes,Indian,Outside,6,Boredom,2.3,6.7,1,4,5.12,4218.0,5,3.0,Needs Improvement,Below Average,Yes,Yes
19,20,Male,2,Science,Rarely,2,7,5,1.2,No,Fast Food,Outside,2,Stress,2.3,7.4,1,6,7.27,3761.0,9,-0.2,Needs Improvement,Average,Yes,Yes
20,19,Female,1,Engineering,Often,3,1,10,1.8,No,Chinese,Hostel Mess,5,Happiness,2.2,4.8,3,6,6.5,6956.0,5,5.2,Healthy,Average,No,No
21,20,Female,4,Medicine,Daily,3,5,6,5.2,Yes,Chinese,Cafeteria,6,Boredom,3.0,6.0,3,7,7.28,5203.0,4,7.1,Healthy,Average,Yes,No
22,22,Female,4,Arts,Daily,2,1,10,4.1,Yes,Italian,Home,2,No Trigger,2.6,5.7,1,7,6.71,1924.0,7,8.65,Healthy,Average,No,No
23,22,Male,2,Commerce,Rarely,1,2,10,3.3,Yes,Mixed,Cafeteria,7,Boredom,1.8,6.0,1,5,6.52,5065.0,5,6.95,Healthy,Average,Yes,Yes
24,19,Male,1,Medicine,Daily,3,2,12,3.4,No,Continental,Hostel Mess,9,Boredom,2.2,5.4,3,5,5.47,5611.0,7,7.7,Healthy,Below Average,Yes,No
25,24,Female,2,Medicine,Never,1,2,10,2.1,Yes,Mixed,Cafeteria,8,Happiness,2.7,6.9,3,4,6.03,3522.0,8,5.15,Healthy,Average,No,Yes
26,22,Male,1,Arts,Never,2,4,9,2.2,No,Indian,Cafeteria,9,Happiness,1.8,9.0,2,4,5.29,4603.0,6,4.0,Needs Improvement,Below Average,No,Yes
27,22,Male,1,Arts,Rarely,2,1,9,2.9,Yes,Chinese,Hostel Mess,8,Boredom,1.4,6.9,3,5,5.27,2563.0,5,6.55,Healthy,Below Average,Yes,Yes
28,24,Female,3,Arts,Rarely,2,3,9,1.9,Yes,Indian,Outside,7,Stress,2.6,5.3,2,2,5.36,7208.0,4,4.05,Needs Improvement,Below Average,Yes,Yes
29,23,Female,1,Medicine,Daily,3,4,6,0.6,Yes,Italian,Cafeteria,8,Boredom,1.8,6.1,6,7,8.13,6114.0,7,0.7,Needs Improvement,Good,Yes,No
30,24,Female,3,Engineering,Daily,4,4,6,1.2,No,Chinese,Outside,5,No Trigger,2.1,5.3,5,7,6.08,5746.0,5,1.6,Needs Improvement,Average,No,No
31,19,Female,4,Commerce,Rarely,2,3,7,1.1,No,Italian,Cafeteria,3,Boredom,1.7,8.8,3,6,6.49,6681.0,6,2.25,Needs Improvement,Average,Yes,Yes
32,22,Female,3,Science,Daily,4,4,7,1.5,Yes,Italian,Hostel Mess,8,Stress,2.8,5.7,2,7,7.49,3371.0,5,2.35,Needs Improvement,Average,Yes,No
33,20,Female,2,Medicine,Often,2,2,8,2.2,Yes,Continental,Outside,2,No Trigger,1.9,7.5,1,5,6.36,2963.0,9,4.7,Healthy,Average,No,No
34,22,Male,1,Science,Daily,4,3,11,1.8,No,Indian,Cafeteria,6,Sadness,0.5,5.2,6,6,6.56,3684.0,7,4.5,Healthy,Average,No,No
35,21,Male,1,Arts,Never,4,3,7,1.8,No,Mixed,Hostel Mess,2,Boredom,2.0,6.5,2,3,4.49,3328.0,8,3.3,Needs Improvement,Below Average,Yes,Yes
36,19,Female,3,Medicine,Often,2,5,9,1.4,No,Indian,Outside,8,Boredom,2.3,7.1,3,5,5.56,4202.0,6,2.3,Needs Improvement,Below Average,Yes,No
37,23,Male,4,Arts,Rarely,4,4,8,2.9,No,Chinese,Hostel Mess,1,Boredom,2.7,6.4,0,5,6.63,4452.0,8,4.75,Healthy,Average,Yes,Yes
38,22,Male,3,Commerce,Often,3,5,8,1.5,No,Fast Food,Outside,2,Happiness,2.3,7.4,3,7,6.44,3076.0,10,2.15,Needs Improvement,Average,No,No
39,20,Other,2,Engineering,Often,3,1,9,1.1,Yes,Continental,Outside,5,Stress,1.0,5.0,3,5,5.5,7271.0,5,3.85,Needs Improvement,Below Average,Yes,No
40,17,Female,4,Arts,Often,4,2,10,1.2,No,Mixed,Outside,6,No Trigger,1.8,7.9,1,6,6.02,5259.0,7,3.8,Needs Improvement,Average,No,No
41,17,Female,1,Commerce,Often,3,2,11,0.4,No,Indian,Hostel Mess,2,Happiness,1.4,5.5,2,7,6.06,1500.0,5,2.9,Needs Improvement,Average,No,No
42,21,Female,3,Commerce,Often,4,4,10,0.6,Yes,Italian,Outside,7,No Trigger,1.8,6.3,1,6,6.02,5266.0,7,1.9,Needs Improvement,Average,No,No
43,20,Male,4,Medicine,Rarely,4,4,8,2.4,No,Chinese,Cafeteria,5,Stress,2.3,6.7,0,6,5.73,4659.0,5,4.0,Needs Improvement,Below Average,Yes,Yes
44,17,Male,4,Arts,Never,4,4,6,5.1,No,Mixed,Hostel Mess,4,Happiness,2.2,4.9,2,3,5.45,3823.0,4,7.45,Healthy,Below Average,No,Yes
45,17,Other,4,Science,Rarely,4,5,8,3.4,Yes,Indian,Outside,2,No Trigger,2.5,6.3,2,6,6.62,5271.0,8,5.0,Healthy,Average,No,Yes
46,24,Male,4,Science,Never,2,1,13,0.5,Yes,Continental,Cafeteria,6,Stress,2.6,4.7,2,5,5.44,6442.0,6,4.15,Needs Improvement,Below Average,Yes,Yes
47,20,Female,4,Arts,Often,2,2,9,3.1,No,Chinese,Cafeteria,2,Happiness,1.9,7.5,2,8,7.38,4622.0,7,6.35,Healthy,Average,No,No
48,24,Female,3,Arts,Daily,4,1,12,4.3,No,Italian,Home,4,No Trigger,2.5,6.2,0,9,7.57,3042.0,7,9.55,Healthy,Good,No,No
49,20,Male,1,Arts,Daily,4,2,10,5.1,Yes,Italian,Cafeteria,8,No Trigger,1.5,6.9,1,8,7.28,5619.0,7,9.65,Healthy,Average,No,No
50,20,Female,4,Science,Rarely,3,3,10,3.8,No,Chinese,Home,10,No Trigger,2.2,6.9,2,3,5.6,4812.0,5,7.2,Healthy,Below Average,No,Yes
51,22,Female,1,Medicine,Daily,3,1,13,1.0,Yes,Indian,Hostel Mess,9,Boredom,3.2,8.0,1,8,7.17,2197.0,5,4.9,Healthy,Average,Yes,No
52,21,Male,2,Engineering,Often,2,3,11,0.4,No,Continental,Hostel Mess,6,Stress,2.9,5.9,0,5,6.44,4562.0,6,2.4,Needs Improvement,Average,Yes,No
53,21,Male,3,Science,Daily,4,1,12,1.7,No,Italian,Hostel Mess,6,Stress,1.6,6.4,2,7,8.15,4271.0,6,5.65,Healthy,Good,Yes,No
54,18,Female,3,Commerce,Often,1,4,10,3.9,No,Fast Food,Outside,9,Stress,2.9,7.4,4,6,7.06,3026.0,6,6.85,Healthy,Average,Yes,No
55,17,Male,1,Arts,Often,2,4,8,3.0,No,Indian,Hostel Mess,3,Boredom,2.3,5.5,3,6,7.03,3954.0,6,4.9,Healthy,Average,Yes,No
56,18,Male,1,Commerce,Often,2,5,5,3.1,No,Continental,Home,6,Stress,2.4,6.7,4,5,6.15,3924.0,6,3.65,Needs Improvement,Average,Yes,No
57,18,Male,3,Science,Daily,3,2,11,1.7,No,Mixed,Outside,1,Sadness,1.6,6.4,0,8,8.7,6090.0,7,4.85,Healthy,Excellent,No,No
58,23,Female,2,Engineering,Rarely,4,3,9,2.5,No,Chinese,Hostel Mess,2,Boredom,2.7,6.9,2,5,5.36,3611.0,7,4.95,Healthy,Below Average,Yes,Yes
59,17,Male,1,Engineering,Often,4,2,8,0.6,No,Continental,Outside,4,No Trigger,1.2,6.9,0,6,5.74,3720.0,5,2.3,Needs Improvement,Below Average,No,No
60,20,Male,4,Commerce,Rarely,2,4,9,0.6,No,Chinese,Hostel Mess,4,Stress,2.5,6.4,1,5,5.15,4366.0,5,1.6,Needs Improvement,Below Average,Yes,Yes
61,24,Male,4,Science,Never,3,1,11,1.9,No,Mixed,Cafeteria,8,Happiness,2.7,6.4,2,3,4.66,3432.0,5,5.65,Healthy,Below Average,No,Yes
62,19,Male,1,Arts,Rarely,2,5,6,1.5,No,Chinese,Hostel Mess,3,No Trigger,3.3,6.6,1,5,6.59,5354.0,7,1.55,Needs Improvement,Average,No,Yes
63,18,Male,2,Engineering,Never,3,3,11,2.7,No,Continental,Cafeteria,4,Stress,2.8,5.8,4,4,4.66,6007.0,7,5.85,Healthy,Below Average,Yes,Yes
64,18,Male,2,Arts,Rarely,3,2,8,0.2,Yes,Italian,Cafeteria,1,Happiness,1.3,7.3,3,6,6.94,3891.0,6,1.7,Needs Improvement,Average,No,Yes
65,20,Female,3,Medicine,Often,4,1,9,1.2,Yes,Fast Food,Outside,5,Boredom,2.4,6.4,2,5,5.77,5164.0,6,4.0,Needs Improvement,Below Average,Yes,No
66,21,Male,2,Commerce,Rarely,4,5,8,2.7,Yes,Fast Food,Outside,7,Sadness,2.4,7.2,1,4,5.69,4606.0,8,3.95,Needs Improvement,Below Average,No,Yes
67,21,Male,4,Engineering,Rarely,3,2,9,0.9,Yes,Italian,Outside,3,Boredom,3.0,6.6,2,5,6.6,3591.0,5,3.05,Needs Improvement,Average,Yes,Yes
68,18,Male,4,Science,Rarely,3,1,12,4.9,Yes,Italian,Home,6,Boredom,2.2,7.2,1,4,5.77,5532.0,4,10.45,Healthy,Below Average,Yes,Yes
69,18,Female,2,Science,Daily,2,3,11,2.3,Yes,Mixed,Outside,8,Boredom,1.2,7.5,2,6,6.84,3681.0,5,5.25,Healthy,Average,Yes,No
70,20,Female,3,Medicine,Rarely,3,5,8,1.8,No,Continental,Outside,1,Boredom,2.3,6.1,3,7,7.27,5323.0,4,2.6,Needs Improvement,Average,Yes,Yes
71,20,Male,2,Commerce,Daily,3,3,9,1.7,Yes,Fast Food,Outside,10,No Trigger,2.9,4.4,2,7,6.08,6015.0,3,3.75,Needs Improvement,Average,No,No
72,22,Female,1,Commerce,Rarely,3,5,7,8.0,Yes,Mixed,Home,5,No Trigger,0.5,7.2,1,5,5.92,5076.0,5,11.6,Healthy,Below Average,No,Yes
73,19,Female,1,Science,Often,2,3,8,4.1,Yes,Fast Food,Home,3,Stress,1.0,6.5,2,5,6.62,4266.0,6,7.05,Healthy,Average,Yes,No
74,17,Male,4,Medicine,Rarely,3,1,11,2.5,No,Mixed,Cafeteria,9,Happiness,2.4,6.4,0,4,5.53,3446.0,4,6.55,Healthy,Below Average,No,Yes
75,20,Female,2,Commerce,Rarely,2,2,11,0.1,No,Chinese,Outside,4,Stress,2.7,6.0,5,6,5.85,5232.0,5,2.45,Needs Improvement,Below Average,Yes,Yes
76,21,Female,1,Medicine,Daily,2,2,12,0.7,Yes,Chinese,Hostel Mess,9,Happiness,3.5,7.3,2,7,6.47,4258.0,6,3.65,Needs Improvement,Average,No,No
77,24,Male,1,Science,Daily,3,2,12,1.1,Yes,Mixed,Outside,8,Stress,1.7,5.2,3,7,8.1,6922.0,5,4.25,Needs Improvement,Good,Yes,No
78,20,Female,4,Arts,Daily,3,4,9,1.0,Yes,Indian,Hostel Mess,5,Boredom,1.5,6.9,3,8,6.68,5446.0,6,2.2,Needs Improvement,Average,Yes,No
79,19,Other,1,Science,Daily,2,3,9,2.1,No,Fast Food,Home,5,No Trigger,2.3,6.7,0,6,6.34,2991.0,7,4.35,Healthy,Average,No,No
80,22,Female,4,Engineering,Often,4,4,9,1.5,Yes,Chinese,Cafeteria,5,Happiness,2.3,6.8,1,8,6.08,5454.0,7,2.95,Needs Improvement,Average,No,No
81,22,Other,3,Engineering,Daily,3,2,12,3.4,Yes,Fast Food,Cafeteria,5,Happiness,2.0,6.7,2,7,7.17,5395.0,6,7.7,Healthy,Average,No,No
82,22,Male,4,Medicine,Often,3,2,12,0.6,Yes,Mixed,Cafeteria,9,Stress,2.3,6.6,1,6,6.03,5291.0,5,3.5,Needs Improvement,Average,Yes,No
83,22,Male,1,Medicine,Daily,2,0,14,0.2,Yes,Italian,Outside,9,Stress,2.0,7.3,2,9,8.14,3720.0,6,4.5,Healthy,Good,Yes,No
84,24,Female,1,Medicine,Daily,4,2,8,1.2,No,Chinese,Home,1,Stress,1.9,6.6,2,7,6.72,6218.0,7,3.2,Needs Improvement,Average,Yes,No
85,19,Male,3,Science,Daily,3,6,8,3.2,No,Indian,Cafeteria,1,No Trigger,2.3,3.5,3,5,6.01,5430.0,3,4.2,Needs Improvement,Average,No,No
86,24,Female,3,Engineering,Often,2,2,12,0.5,No,Mixed,Home,1,Sadness,2.5,6.7,2,8,6.46,5472.0,8,3.35,Needs Improvement,Average,No,No
87,17,Female,2,Commerce,Daily,3,2,9,3.5,Yes,Indian,Home,9,Sadness,2.3,6.6,1,7,7.27,3210.0,6,6.95,Healthy,Average,No,No
88,19,Female,4,Commerce,Daily,3,3,7,5.4,Yes,Indian,Outside,9,Stress,2.8,5.9,1,7,7.08,2808.0,5,8.7,Healthy,Average,Yes,No
89,24,Female,4,Science,Never,3,3,8,2.8,Yes,Continental,Cafeteria,1,Boredom,0.8,7.7,1,6,5.34,3532.0,8,5.1,Healthy,Below Average,Yes,Yes
90,18,Female,4,Science,Rarely,2,2,10,5.2,Yes,Chinese,Cafeteria,6,No Trigger,1.1,4.7,1,3,5.28,4003.0,6,9.8,Healthy,Below Average,No,Yes
91,20,Male,3,Science,Never,3,2,12,0.4,Yes,Indian,Hostel Mess,6,Stress,1.5,5.8,2,4,6.87,4602.0,6,3.2,Needs Improvement,Average,Yes,Yes
92,20,Male,4,Medicine,Often,3,6,4,1.2,Yes,Fast Food,Hostel Mess,4,No Trigger,2.4,5.2,2,5,6.05,4066.0,8,-0.0,Needs Improvement,Average,No,No
93,18,Female,1,Arts,Often,4,4,10,0.3,No,Italian,Hostel Mess,3,No Trigger,3.4,3.9,5,4,5.04,3546.0,4,1.45,Needs Improvement,Below Average,No,No
94,21,Female,2,Medicine,Never,1,4,6,0.9,No,Italian,Cafeteria,9,Happiness,2.9,4.7,0,3,5.59,4919.0,5,1.15,Needs Improvement,Below Average,No,Yes
95,23,Male,1,Commerce,Daily,3,1,11,6.8,No,Fast Food,Home,6,Stress,2.7,6.3,2,6,6.55,3648.0,5,13.0,Healthy,Average,Yes,No
96,23,Male,3,Arts,Daily,3,3,9,0.9,No,Mixed,Cafeteria,7,Boredom,3.5,4.9,1,5,6.77,5512.0,5,2.55,Needs Improvement,Average,Yes,No
97,24,Male,2,Science,Daily,3,2,11,2.7,No,Indian,Cafeteria,10,Happiness,2.7,7.1,3,8,7.46,3236.0,6,6.35,Healthy,Average,No,No
98,18,Female,1,Arts,Never,3,3,11,3.8,No,Chinese,Cafeteria,5,No Trigger,2.3,6.4,4,4,6.37,4332.0,6,7.5,Healthy,Average,No,Yes
99,24,Male,4,Engineering,Often,2,2,12,2.2,No,Indian,Outside,6,No Trigger,1.4,7.0,2,5,6.76,5472.0,7,5.9,Healthy,Average,No,No
100,21,Female,2,Engineering,Never,2,1,12,0.5,Yes,Chinese,Cafeteria,5,No Trigger,2.5,7.2,1,3,6.02,4194.0,7,3.85,Needs Improvement,Average,No,Yes
101,21,Male,4,Commerce,Often,3,5,5,1.6,Yes,Fast Food,Cafeteria,7,Boredom,1.8,4.9,0,4,6.24,2878.0,6,1.4,Needs Improvement,Average,Yes,No
102,24,Male,3,Science,Never,3,3,8,3.0,No,Indian,Cafeteria,8,No Trigger,2.5,6.4,0,2,4.58,4049.0,5,5.4,Healthy,Below Average,No,Yes
103,18,Female,3,Medicine,Daily,4,4,7,4.2,Yes,Mixed,Cafeteria,1,No Trigger,1.7,4.6,0,7,5.99,3636.0,5,6.4,Healthy,Below Average,No,No
104,18,Female,1,Commerce,Often,2,6,6,4.2,No,Continental,Outside,9,Stress,1.2,6.8,2,6,6.37,5158.0,5,5.1,Healthy,Average,Yes,No
105,19,Male,1,Arts,Often,4,5,7,0.8,No,Mixed,Outside,5,Stress,2.5,7.0,2,6,6.88,3957.0,6,0.8,Needs Improvement,Average,Yes,No
106,21,Male,1,Arts,Never,1,5,9,2.2,Yes,Mixed,Home,1,Happiness,2.7,4.7,3,3,5.75,3197.0,7,3.5,Needs Improvement,Below Average,No,Yes
107,20,Female,3,Arts,Often,2,3,10,1.6,No,Chinese,Cafeteria,8,Stress,2.8,7.3,1,6,4.79,4738.0,6,3.9,Needs Improvement,Below Average,Yes,No
108,21,Female,1,Commerce,Rarely,3,1,10,2.5,Yes,Mixed,Hostel Mess,9,Stress,2.6,3.5,0,2,4.3,5315.0,3,6.25,Healthy,Below Average,Yes,Yes
109,23,Male,1,Commerce,Often,2,3,9,3.0,Yes,Italian,Hostel Mess,10,Happiness,1.7,6.8,2,5,6.39,2696.0,6,5.7,Healthy,Average,No,No
110,21,Female,1,Engineering,Rarely,2,3,9,0.7,Yes,Chinese,Outside,9,Stress,1.9,6.9,1,6,6.91,5260.0,6,2.25,Needs Improvement,Average,Yes,Yes
111,17,Male,2,Science,Rarely,3,1,10,2.2,No,Continental,Hostel Mess,3,No Trigger,2.0,8.8,1,8,6.43,4442.0,8,5.8,Healthy,Average,No,Yes
112,23,Male,3,Commerce,Never,3,6,5,2.2,Yes,Fast Food,Cafeteria,1,No Trigger,2.8,6.1,2,4,5.28,3887.0,7,1.8,Needs Improvement,Below Average,No,Yes
113,22,Male,4,Engineering,Rarely,3,3,8,0.8,No,Chinese,Hostel Mess,10,Stress,1.6,8.0,2,4,4.75,3719.0,6,2.1,Needs Improvement,Below Average,Yes,Yes
114,24,Female,4,Commerce,Rarely,2,3,11,0.4,No,Continental,Cafeteria,2,Boredom,2.7,5.0,2,6,5.43,4242.0,6,2.4,Needs Improvement,Below Average,Yes,Yes
115,22,Female,2,Engineering,Daily,3,4,10,1.3,No,Indian,Hostel Mess,6,Stress,2.5,6.7,4,7,8.18,5147.0,5,2.95,Needs Improvement,Good,Yes,No
116,23,Male,3,Science,Daily,2,2,10,2.9,No,Chinese,Hostel Mess,2,Sadness,2.7,5.9,2,7,7.8,2487.0,6,6.35,Healthy,Good,No,No
117,19,Female,3,Commerce,Often,2,5,7,6.9,No,Chinese,Hostel Mess,2,No Trigger,1.7,5.7,1,7,6.72,2196.0,6,9.95,Healthy,Average,No,No
118,20,Male,1,Arts,Often,3,1,9,1.0,Yes,Fast Food,Outside,3,No Trigger,1.8,6.7,1,7,5.7,1926.0,7,3.7,Needs Improvement,Below Average,No,No
119,23,Male,4,Engineering,Rarely,2,4,10,2.9,No,Mixed,Hostel Mess,5,No Trigger,2.0,6.5,3,5,5.41,5141.0,5,5.35,Healthy,Below Average,No,Yes
120,23,Male,3,Medicine,Rarely,3,2,12,3.1,No,Italian,Cafeteria,10,Sadness,1.6,6.4,1,4,5.25,3459.0,4,7.25,Healthy,Below Average,No,Yes
121,22,Female,4,Arts,Rarely,3,4,9,2.7,Yes,Fast Food,Outside,5,Stress,1.0,5.3,2,4,5.57,4712.0,3,4.75,Healthy,Below Average,Yes,Yes
122,17,Female,3,Engineering,Rarely,3,6,4,2.2,No,Italian,Cafeteria,6,Happiness,1.4,6.1,3,6,6.08,4448.0,6,1.5,Needs Improvement,Average,No,Yes
123,24,Male,2,Science,Daily,3,6,4,0.3,Yes,Italian,Outside,4,Happiness,2.6,7.3,1,9,8.09,3134.0,6,-1.35,Needs Improvement,Good,No,No
124,20,Male,4,Engineering,Rarely,3,5,7,1.8,No,Continental,Cafeteria,6,Happiness,2.3,6.6,4,5,5.27,3314.0,7,2.3,Needs Improvement,Below Average,No,Yes
125,24,Female,1,Medicine,Daily,3,3,10,1.6,No,Indian,Cafeteria,6,Boredom,1.6,7.8,1,8,7.26,6048.0,7,3.9,Needs Improvement,Average,Yes,No
126,23,Male,3,Medicine,Rarely,3,2,8,0.5,Yes,Indian,Hostel Mess,6,Stress,2.0,6.8,1,4,6.35,5304.0,6,2.15,Needs Improvement,Average,Yes,Yes
127,24,Female,2,Commerce,Rarely,4,7,5,0.7,Yes,Italian,Hostel Mess,5,Boredom,2.1,7.8,0,6,6.58,5809.0,9,-0.95,Needs Improvement,Average,Yes,Yes
128,21,Male,3,Engineering,Daily,3,3,9,3.7,Yes,Chinese,Cafeteria,5,No Trigger,0.7,4.8,4,7,6.79,3876.0,5,6.75,Healthy,Average,No,No
129,19,Female,1,Commerce,Rarely,3,3,10,3.5,Yes,Indian,Outside,8,No Trigger,2.5,6.3,2,5,5.01,5146.0,6,6.75,Healthy,Below Average,No,Yes
130,24,Male,3,Science,Daily,3,2,10,3.1,No,Italian,Outside,8,No Trigger,2.0,6.0,2,7,7.09,3967.0,6,6.65,Healthy,Average,No,No
131,20,Male,3,Science,Rarely,4,2,11,0.6,Yes,Chinese,Cafeteria,5,Happiness,2.0,5.8,2,4,5.38,5808.0,4,3.2,Needs Improvement,Below Average,No,Yes
132,20,Male,2,Science,Daily,2,2,11,0.7,No,Mixed,Outside,5,Happiness,1.8,7.4,1,8,7.29,4875.0,7,3.35,Needs Improvement,Average,No,No
133,18,Female,2,Medicine,Often,3,6,4,0.6,No,Continental,Hostel Mess,3,No Trigger,1.9,6.5,0,6,5.92,6528.0,7,-0.9,Needs Improvement,Below Average,No,No
134,21,Female,1,Arts,Rarely,3,6,5,1.9,No,Italian,Cafeteria,2,No Trigger,3.0,8.4,3,8,6.52,2277.0,8,1.35,Needs Improvement,Average,No,Yes
135,20,Female,1,Medicine,Never,2,1,12,2.7,Yes,Indian,Hostel Mess,1,Boredom,2.9,6.5,3,5,6.45,5698.0,8,7.15,Healthy,Average,Yes,Yes
136,23,Female,3,Medicine,Rarely,3,2,8,2.8,No,Italian,Outside,9,Boredom,1.9,6.6,5,4,6.07,3985.0,3,5.6,Healthy,Average,Yes,Yes
137,21,Male,1,Arts,Daily,3,3,11,2.3,No,Mixed,Hostel Mess,6,Stress,1.3,6.4,2,8,7.65,4735.0,7,5.25,Healthy,Good,Yes,No
138,19,Male,4,Commerce,Rarely,3,4,9,0.4,No,Continental,Home,10,Stress,1.9,5.4,1,4,5.79,2833.0,4,1.3,Needs Improvement,Below Average,Yes,Yes
139,19,Male,4,Science,Daily,2,3,10,2.2,Yes,Fast Food,Cafeteria,1,Stress,2.6,7.0,3,7,6.84,5212.0,6,4.8,Healthy,Average,Yes,No
140,17,Female,3,Commerce,Rarely,4,3,7,3.5,Yes,Continental,Outside,9,Stress,2.3,5.2,5,6,6.84,4239.0,6,5.85,Healthy,Average,Yes,Yes
141,17,Female,4,Arts,Rarely,2,2,8,0.5,No,Continental,Outside,7,Stress,2.5,4.4,5,5,5.74,4324.0,5,2.15,Needs Improvement,Below Average,Yes,Yes
142,23,Male,1,Engineering,Daily,3,4,10,1.4,Yes,Indian,Outside,6,Boredom,2.0,6.0,3,6,6.79,6704.0,4,3.1,Needs Improvement,Average,Yes,No
143,23,Male,4,Arts,Rarely,4,2,9,2.2,No,Indian,Outside,4,No Trigger,1.7,7.6,3,5,5.83,3559.0,9,5.0,Healthy,Below Average,No,Yes
144,22,Male,3,Science,Rarely,1,2,8,0.9,Yes,Italian,Cafeteria,7,Stress,2.3,7.1,3,4,6.74,5430.0,7,2.75,Needs Improvement,Average,Yes,Yes
145,21,Female,2,Commerce,Daily,2,3,10,0.2,Yes,Italian,Hostel Mess,10,Stress,2.3,8.0,4,6,6.23,5526.0,7,1.8,Needs Improvement,Average,Yes,No
146,17,Male,3,Engineering,Daily,2,5,9,3.8,No,Mixed,Hostel Mess,7,No Trigger,1.9,6.1,3,6,6.07,4310.0,5,5.9,Healthy,Average,No,No
147,19,Male,2,Engineering,Rarely,2,0,11,3.6,Yes,Italian,Outside,8,No Trigger,1.0,7.2,0,3,6.03,4177.0,5,8.7,Healthy,Average,No,Yes
148,24,Male,4,Medicine,Daily,2,1,9,2.9,Yes,Chinese,Outside,4,Happiness,1.0,5.6,2,8,7.54,3772.0,6,6.55,Healthy,Good,No,No
149,20,Female,3,Science,Often,2,3,10,2.7,No,Continental,Cafeteria,9,Stress,1.5,4.7,4,4,5.94,3664.0,6,5.55,Healthy,Below Average,Yes,No
150,21,Other,1,Commerce,Often,3,1,11,0.6,No,Italian,Home,2,Happiness,3.5,5.3,3,4,5.33,5166.0,9,3.7,Needs Improvement,Below Average,No,No
151,20,Male,1,Arts,Never,2,2,9,1.3,No,Chinese,Outside,2,No Trigger,2.7,4.5,2,3,5.67,2920.0,5,3.65,Needs Improvement,Below Average,No,Yes
152,21,Female,1,Engineering,Rarely,1,4,7,3.0,No,Indian,Cafeteria,4,Happiness,2.6,7.5,4,6,7.12,5360.0,5,4.6,Healthy,Average,No,Yes
153,21,Female,2,Commerce,Never,3,2,8,2.0,No,Chinese,Hostel Mess,7,Stress,2.3,5.3,3,2,4.41,5907.0,6,4.4,Healthy,Below Average,Yes,Yes
154,23,Male,3,Science,Never,3,4,8,6.2,No,Indian,Hostel Mess,6,Stress,3.0,6.5,3,3,4.0,3545.0,6,9.7,Healthy,Below Average,Yes,Yes
155,24,Other,2,Arts,Rarely,2,4,8,4.5,Yes,Continental,Outside,9,No Trigger,1.7,6.4,3,4,5.27,5345.0,6,7.15,Healthy,Below Average,No,Yes
156,18,Male,2,Arts,Daily,3,4,8,0.4,No,Mixed,Hostel Mess,3,No Trigger,1.7,5.1,5,6,7.95,5218.0,5,1.0,Needs Improvement,Good,No,No
157,22,Male,3,Medicine,Often,3,8,3,2.2,Yes,Mixed,Hostel Mess,1,Happiness,1.6,6.8,3,6,5.27,4332.0,6,0.2,Needs Improvement,Below Average,No,No
158,20,Male,4,Engineering,Never,3,3,7,6.2,No,Indian,Cafeteria,5,No Trigger,2.3,5.8,2,3,5.14,4104.0,5,9.9,Healthy,Below Average,No,Yes
159,20,Female,3,Arts,Rarely,4,2,10,6.3,No,Chinese,Hostel Mess,9,No Trigger,1.4,6.2,3,4,5.99,3523.0,5,11.45,Healthy,Below Average,No,Yes
160,21,Male,2,Medicine,Daily,4,3,7,1.2,Yes,Italian,Cafeteria,2,No Trigger,1.9,6.1,3,7,6.95,5011.0,7,2.4,Needs Improvement,Average,No,No
161,18,Male,2,Medicine,Daily,2,3,9,1.9,Yes,Indian,Hostel Mess,6,Stress,2.5,7.8,1,8,6.99,4781.0,5,4.05,Needs Improvement,Average,Yes,No
162,19,Female,1,Arts,Daily,3,4,7,1.6,Yes,Fast Food,Home,9,Boredom,2.3,4.8,1,5,6.17,4390.0,4,2.5,Needs Improvement,Average,Yes,No
163,18,Female,2,Engineering,Daily,2,2,8,1.5,Yes,Continental,Outside,9,Boredom,1.9,6.4,2,7,6.8,4243.0,6,3.65,Needs Improvement,Average,Yes,No
164,18,Female,1,Commerce,Often,3,4,9,1.2,No,Continental,Hostel Mess,1,Happiness,1.8,7.5,4,6,6.6,6035.0,5,2.5,Needs Improvement,Average,No,No
165,21,Female,4,Science,Rarely,3,1,9,0.7,Yes,Italian,Outside,7,Boredom,2.1,6.1,2,5,5.36,3642.0,5,3.25,Needs Improvement,Below Average,Yes,Yes
166,24,Female,2,Arts,Rarely,3,4,6,0.3,Yes,Continental,Hostel Mess,9,Stress,2.7,6.1,1,4,5.46,4746.0,4,0.25,Needs Improvement,Below Average,Yes,Yes
167,17,Male,2,Engineering,Often,2,2,12,2.2,No,Italian,Outside,9,Happiness,2.8,6.5,1,6,5.97,3600.0,6,5.9,Healthy,Below Average,No,No
168,22,Female,2,Engineering,Daily,2,2,9,0.3,Yes,Continental,Outside,9,Stress,1.6,5.3,2,7,7.34,4573.0,5,2.15,Needs Improvement,Average,Yes,No
169,20,Other,2,Medicine,Often,4,0,14,1.3,No,Indian,Outside,2,No Trigger,1.4,6.5,1,7,5.78,2827.0,6,6.15,Healthy,Below Average,No,No
170,23,Male,2,Engineering,Rarely,3,2,11,0.8,Yes,Fast Food,Cafeteria,3,Happiness,2.5,6.9,2,7,7.53,4179.0,7,3.5,Needs Improvement,Good,No,Yes
171,19,Male,4,Science,Often,3,5,5,1.3,Yes,Italian,Cafeteria,3,Boredom,2.1,6.3,0,6,5.69,5407.0,7,0.95,Needs Improvement,Below Average,Yes,No
172,23,Male,1,Medicine,Rarely,3,2,10,1.0,Yes,Continental,Cafeteria,10,Boredom,2.6,5.4,3,4,6.15,5961.0,6,3.5,Needs Improvement,Average,Yes,Yes
173,23,Male,4,Science,Daily,3,1,11,3.8,Yes,Fast Food,Cafeteria,8,No Trigger,3.1,6.2,0,7,7.11,2490.0,5,8.5,Healthy,Average,No,No
174,23,Female,3,Medicine,Often,2,4,7,1.4,No,Italian,Home,2,No Trigger,1.5,3.8,2,6,5.35,4496.0,5,2.2,Needs Improvement,Below Average,No,No
175,20,Male,3,Engineering,Rarely,3,3,10,2.1,No,Continental,Hostel Mess,2,Stress,2.0,7.3,3,7,7.16,4332.0,8,4.65,Healthy,Average,Yes,Yes
176,24,Female,1,Engineering,Often,3,3,10,0.5,Yes,Chinese,Home,8,Stress,2.4,6.6,2,7,6.77,4873.0,5,2.25,Needs Improvement,Average,Yes,No
177,24,Female,4,Science,Rarely,1,2,10,1.0,Yes,Fast Food,Home,4,No Trigger,2.1,6.6,4,7,7.25,5051.0,7,3.5,Needs Improvement,Average,No,Yes
178,23,Male,4,Commerce,Never,2,2,10,2.5,No,Continental,Hostel Mess,6,Stress,3.1,6.4,4,2,4.34,2833.0,4,5.75,Healthy,Below Average,Yes,Yes
179,22,Male,4,Arts,Rarely,2,5,8,1.5,Yes,Chinese,Cafeteria,10,Happiness,1.8,7.2,0,5,6.02,6759.0,5,2.15,Needs Improvement,Average,No,Yes
180,22,Male,2,Medicine,Often,3,1,13,4.3,No,Chinese,Outside,2,No Trigger,2.3,7.7,5,7,5.79,4586.0,8,9.85,Healthy,Below Average,No,No
181,19,Female,4,Engineering,Often,3,3,8,0.1,No,Chinese,Cafeteria,10,Happiness,2.5,5.5,1,5,6.13,2782.0,5,1.05,Needs Improvement,Average,No,No
182,24,Female,2,Engineering,Often,2,4,6,1.3,No,Chinese,Outside,4,No Trigger,1.5,4.7,4,5,5.0,5392.0,5,1.75,Needs Improvement,Below Average,No,No
183,20,Female,2,Commerce,Daily,3,4,7,1.2,No,Italian,Home,4,No Trigger,2.8,7.8,3,8,8.35,3368.0,9,1.9,Needs Improvement,Good,No,No
184,20,Female,4,Engineering,Daily,2,2,9,1.4,No,Fast Food,Hostel Mess,2,Happiness,2.8,6.2,2,6,6.56,5403.0,5,3.8,Needs Improvement,Average,No,No
185,22,Male,2,Science,Never,4,4,7,1.1,Yes,Continental,Outside,6,Boredom,2.3,5.6,3,1,4.92,5013.0,5,1.75,Needs Improvement,Below Average,Yes,Yes
186,18,Female,1,Medicine,Daily,2,6,7,0.6,No,Mixed,Hostel Mess,10,Happiness,2.0,5.5,3,7,6.1,4592.0,5,0.0,Needs Improvement,Average,No,No
187,18,Male,1,Arts,Often,1,2,9,0.5,Yes,Fast Food,Hostel Mess,6,Happiness,2.3,5.9,0,6,6.2,5533.0,7,2.45,Needs Improvement,Average,No,No
188,22,Male,4,Science,Never,1,0,12,0.8,No,Chinese,Outside,5,Happiness,1.4,7.0,2,3,4.93,6390.0,6,4.8,Healthy,Below Average,No,Yes
189,24,Other,1,Arts,Rarely,3,5,9,5.1,Yes,Chinese,Cafeteria,8,Sadness,1.3,6.0,4,5,6.09,2308.0,6,7.85,Healthy,Average,No,Yes
190,22,Female,3,Arts,Often,2,2,12,3.3,Yes,Mixed,Cafeteria,3,No Trigger,2.6,9.4,0,9,6.42,4782.0,7,7.55,Healthy,Average,No,No
191,18,Female,4,Science,Rarely,2,3,10,1.7,No,Italian,Cafeteria,4,No Trigger,2.9,4.6,1,4,5.43,2091.0,5,4.05,Needs Improvement,Below Average,No,Yes
192,24,Male,3,Science,Rarely,4,1,12,1.4,No,Continental,Hostel Mess,5,No Trigger,2.9,5.9,0,5,6.25,5170.0,6,5.2,Healthy,Average,No,Yes
193,20,Female,3,Engineering,Rarely,4,3,9,1.0,No,Continental,Home,2,No Trigger,1.8,7.5,2,6,7.04,3567.0,9,2.7,Needs Improvement,Average,No,Yes
194,21,Male,4,Commerce,Never,2,3,9,0.4,No,Chinese,Outside,10,Boredom,1.7,8.3,3,5,6.76,4367.0,6,1.8,Needs Improvement,Average,Yes,Yes
195,24,Male,3,Commerce,Never,3,5,6,3.2,No,Continental,Cafeteria,7,Stress,2.8,7.0,1,4,5.14,2532.0,7,4.1,Needs Improvement,Below Average,Yes,Yes
196,19,Male,2,Science,Often,3,2,9,1.8,No,Chinese,Hostel Mess,9,Stress,2.1,7.4,2,6,6.04,3484.0,5,4.4,Healthy,Average,Yes,No
197,21,Male,1,Medicine,Daily,2,4,6,2.5,No,Chinese,Cafeteria,6,No Trigger,2.4,6.2,1,8,7.93,4332.0,6,3.55,Needs Improvement,Good,No,No
198,23,Male,1,Arts,Often,4,1,13,0.3,No,Fast Food,Hostel Mess,7,Stress,3.3,6.0,1,7,6.35,5206.0,6,3.85,Needs Improvement,Average,Yes,No
199,24,Male,3,Commerce,Never,3,0,13,5.9,No,Fast Food,Home,7,Boredom,1.9,5.0,4,2,6.07,5003.0,5,12.75,Healthy,Average,Yes,Yes
200,20,Male,2,Arts,Daily,3,4,8,1.8,No,Indian,Cafeteria,1,Boredom,2.0,5.9,1,8,8.13,4067.0,7,3.1,Needs Improvement,Good,Yes,No
201,24,Female,2,Commerce,Often,2,3,9,3.1,No,Continental,Cafeteria,6,Stress,2.0,6.0,0,5,5.84,4791.0,6,5.85,Healthy,Below Average,Yes,No
202,18,Male,4,Commerce,Rarely,3,3,9,2.1,Yes,Chinese,Cafeteria,6,No Trigger,1.8,4.6,3,4,5.92,2677.0,5,4.35,Healthy,Below Average,No,Yes
203,21,Female,4,Commerce,Often,2,3,9,1.5,Yes,Mixed,Hostel Mess,8,Boredom,2.8,6.8,3,6,6.44,4096.0,6,3.45,Needs Improvement,Average,Yes,No
204,20,Male,3,Commerce,Often,2,5,9,1.7,No,Chinese,Cafeteria,8,Boredom,2.3,4.4,1,7,6.93,3973.0,4,2.75,Needs Improvement,Average,Yes,No
205,21,Female,2,Engineering,Daily,3,1,10,2.5,No,Chinese,Home,4,Stress,2.6,7.4,3,8,7.41,4111.0,7,6.25,Healthy,Average,Yes,No
206,23,Male,3,Commerce,Often,4,1,11,0.9,No,Fast Food,Hostel Mess,5,No Trigger,2.3,6.5,1,5,5.76,3676.0,5,4.15,Needs Improvement,Below Average,No,No
207,23,Female,1,Commerce,Often,3,4,6,3.8,No,Mixed,Cafeteria,4,No Trigger,2.8,7.8,0,8,6.97,5516.0,7,5.5,Healthy,Average,No,No
208,18,Male,1,Commerce,Daily,3,4,10,1.3,No,Italian,Hostel Mess,10,Sadness,3.0,7.3,1,7,6.49,4622.0,5,2.95,Needs Improvement,Average,No,No
209,20,Female,1,Arts,Daily,3,5,5,0.6,No,Fast Food,Outside,4,Happiness,2.9,8.1,4,9,7.56,4844.0,8,-0.1,Needs Improvement,Good,No,No
210,17,Female,4,Science,Daily,2,6,5,1.7,No,Fast Food,Home,10,Boredom,2.7,6.8,2,8,8.1,5348.0,6,1.05,Needs Improvement,Good,Yes,No
211,23,Female,2,Medicine,Often,4,1,11,0.6,Yes,Mixed,Outside,10,Boredom,2.4,7.0,2,5,6.62,3948.0,6,3.7,Needs Improvement,Average,Yes,No
212,21,Male,2,Arts,Often,2,3,11,1.8,Yes,Chinese,Home,7,Stress,3.3,6.8,1,5,5.97,3864.0,7,4.5,Healthy,Below Average,Yes,No
213,23,Male,2,Arts,Rarely,2,2,8,0.9,Yes,Indian,Hostel Mess,2,No Trigger,2.3,7.4,1,7,7.28,4367.0,8,2.75,Needs Improvement,Average,No,Yes
214,22,Male,2,Science,Daily,3,2,10,2.2,Yes,Italian,Home,2,Sadness,1.6,8.4,2,8,7.28,3436.0,9,5.3,Healthy,Average,No,No
215,20,Female,2,Engineering,Daily,2,4,9,2.3,No,Italian,Home,10,Stress,2.0,7.2,2,6,6.78,4593.0,5,4.15,Needs Improvement,Average,Yes,No
216,20,Female,1,Medicine,Never,2,1,10,3.3,Yes,Fast Food,Cafeteria,10,Boredom,2.5,3.4,2,2,4.4,5550.0,4,7.45,Healthy,Below Average,Yes,Yes
217,24,Female,2,Medicine,Often,3,2,8,0.7,Yes,Italian,Hostel Mess,8,Boredom,2.2,6.8,4,7,6.26,3696.0,5,2.45,Needs Improvement,Average,Yes,No
218,24,Female,3,Engineering,Daily,3,2,10,4.0,Yes,Chinese,Hostel Mess,3,Happiness,2.2,6.2,3,8,8.11,3699.0,6,8.0,Healthy,Good,No,No
219,20,Male,1,Commerce,Rarely,3,0,12,1.0,No,Fast Food,Home,10,Boredom,0.5,5.9,2,3,6.25,5314.0,4,5.1,Healthy,Average,Yes,Yes
220,22,Male,2,Commerce,Often,3,2,11,2.1,No,Chinese,Outside,9,Stress,2.6,6.1,3,6,5.37,5076.0,4,5.45,Healthy,Below Average,Yes,No
221,19,Male,4,Medicine,Never,1,1,13,0.9,No,Chinese,Cafeteria,3,No Trigger,2.1,7.0,0,3,5.94,4171.0,8,4.75,Healthy,Below Average,No,Yes
222,21,Male,2,Engineering,Daily,2,3,11,2.8,No,Continental,Cafeteria,1,No Trigger,2.1,6.8,3,8,7.43,3086.0,9,6.0,Healthy,Average,No,No
223,21,Other,4,Arts,Daily,1,4,6,3.6,No,Fast Food,Cafeteria,2,Stress,1.8,7.0,3,8,6.56,4778.0,6,5.2,Healthy,Average,Yes,No
224,22,Male,2,Medicine,Daily,2,5,6,0.9,No,Indian,Cafeteria,8,Stress,2.3,5.3,0,6,6.91,4632.0,5,0.65,Needs Improvement,Average,Yes,No
225,17,Female,2,Engineering,Rarely,4,2,10,1.8,No,Fast Food,Cafeteria,1,Stress,2.1,4.8,1,7,7.22,3787.0,7,4.7,Healthy,Average,Yes,Yes
226,18,Female,2,Engineering,Rarely,3,3,9,2.9,No,Fast Food,Cafeteria,10,Stress,3.6,4.7,3,3,5.92,3047.0,3,5.55,Healthy,Below Average,Yes,Yes
227,24,Male,4,Arts,Rarely,2,1,11,0.8,Yes,Indian,Home,2,No Trigger,3.0,6.1,1,5,6.76,3777.0,6,4.0,Needs Improvement,Average,No,Yes
228,24,Male,4,Science,Daily,2,5,8,0.0,No,Mixed,Cafeteria,5,Stress,1.9,7.5,3,7,8.05,4332.0,7,-0.1,Needs Improvement,Good,Yes,No
229,19,Male,2,Science,Daily,3,5,5,1.5,No,Mixed,Hostel Mess,6,Boredom,1.6,6.9,3,7,8.26,5158.0,6,1.25,Needs Improvement,Good,Yes,No
230,20,Female,1,Engineering,Never,2,1,11,0.9,No,Mixed,Hostel Mess,4,No Trigger,1.4,7.6,2,3,4.46,3786.0,7,4.15,Needs Improvement,Below Average,No,Yes
231,24,Female,4,Commerce,Never,1,3,9,1.4,No,Fast Food,Home,6,Stress,1.0,6.1,4,3,4.26,4147.0,6,3.3,Needs Improvement,Below Average,Yes,Yes
232,21,Female,3,Science,Rarely,3,0,10,1.2,No,Italian,Hostel Mess,10,No Trigger,3.0,5.8,2,3,4.9,3683.0,5,4.8,Healthy,Below Average,No,Yes
233,19,Female,4,Medicine,Rarely,3,1,11,5.7,No,Italian,Cafeteria,5,No Trigger,3.4,3.4,1,3,5.83,5937.0,6,11.35,Healthy,Below Average,No,Yes
234,21,Female,2,Science,Rarely,2,3,9,1.0,No,Fast Food,Cafeteria,8,No Trigger,2.2,5.1,2,4,5.26,4217.0,4,2.7,Needs Improvement,Below Average,No,Yes
235,19,Female,3,Arts,Rarely,2,2,11,3.9,No,Indian,Home,4,No Trigger,1.5,4.9,1,4,5.5,5872.0,7,8.15,Healthy,Below Average,No,Yes
236,21,Female,1,Commerce,Rarely,2,5,5,3.2,Yes,Continental,Home,8,Stress,1.7,7.5,5,6,6.18,6289.0,7,3.8,Needs Improvement,Average,Yes,Yes
237,18,Female,3,Science,Rarely,4,4,10,1.7,No,Indian,Cafeteria,9,Stress,2.6,6.9,4,4,4.68,5599.0,8,3.55,Needs Improvement,Below Average,Yes,Yes
238,21,Male,3,Commerce,Often,3,3,9,1.0,No,Italian,Outside,2,No Trigger,1.1,5.0,2,5,6.56,4032.0,5,2.7,Needs Improvement,Average,No,No
239,18,Female,4,Engineering,Rarely,3,2,11,1.3,No,Mixed,Outside,8,Happiness,1.4,6.3,2,5,5.59,3163.0,7,4.25,Needs Improvement,Below Average,No,Yes
240,18,Male,4,Arts,Rarely,2,3,9,2.1,Yes,Mixed,Outside,6,Sadness,1.9,6.2,1,5,6.08,5467.0,5,4.35,Healthy,Average,No,Yes
241,18,Female,3,Arts,Daily,4,4,9,2.9,No,Italian,Outside,5,No Trigger,3.0,7.0,2,7,6.05,5480.0,5,5.05,Healthy,Average,No,No
242,20,Male,4,Engineering,Daily,3,4,8,1.8,No,Indian,Cafeteria,3,No Trigger,2.4,6.8,1,8,7.79,3669.0,6,3.1,Needs Improvement,Good,No,No
243,18,Female,3,Medicine,Never,3,2,8,3.4,Yes,Indian,Cafeteria,6,Boredom,2.3,6.4,3,3,5.54,4519.0,7,6.5,Healthy,Below Average,Yes,Yes
244,22,Male,4,Arts,Often,3,1,12,4.2,Yes,Indian,Cafeteria,4,No Trigger,1.7,5.1,1,5,5.4,5159.0,7,9.4,Healthy,Below Average,No,No
245,21,Male,2,Science,Often,2,3,7,3.7,No,Mixed,Cafeteria,2,Happiness,1.0,7.7,1,6,5.7,3924.0,8,6.15,Healthy,Below Average,No,No
246,17,Female,4,Science,Daily,4,5,8,5.0,No,Continental,Home,7,No Trigger,1.7,7.2,0,7,6.7,3883.0,5,7.4,Healthy,Average,No,No
247,18,Male,4,Medicine,Rarely,3,3,8,5.8,Yes,Indian,Home,9,Sadness,2.5,7.0,1,4,6.6,4128.0,6,9.6,Healthy,Average,No,Yes
248,19,Male,3,Medicine,Never,4,3,8,4.8,No,Continental,Hostel Mess,10,Stress,2.3,6.0,3,2,5.54,6055.0,4,8.1,Healthy,Below Average,Yes,Yes
249,22,Male,2,Science,Daily,2,3,10,2.4,No,Indian,Cafeteria,7,Stress,2.5,5.2,3,7,6.91,2313.0,4,5.1,Healthy,Average,Yes,No
250,21,Female,2,Engineering,Rarely,3,3,11,4.5,Yes,Continental,Home,4,Happiness,1.3,6.0,0,4,6.14,7410.0,5,8.55,Healthy,Average,No,Yes
251,19,Male,3,Medicine,Daily,3,1,9,0.4,Yes,Continental,Outside,9,Stress,2.1,6.1,1,7,7.35,5936.0,6,2.8,Needs Improvement,Average,Yes,No
252,18,Female,4,Arts,Often,2,2,9,3.0,No,Chinese,Home,1,No Trigger,1.8,6.5,4,6,5.75,6175.0,7,6.2,Healthy,Below Average,No,No
253,24,Male,4,Arts,Often,3,2,11,4.9,Yes,Continental,Home,9,No Trigger,0.9,6.5,2,7,6.89,3700.0,4,9.65,Healthy,Average,No,No
254,23,Male,3,Engineering,Often,2,1,11,0.9,No,Indian,Outside,10,No Trigger,1.4,6.6,0,6,6.1,4547.0,7,4.15,Needs Improvement,Average,No,No
255,17,Male,2,Commerce,Never,3,5,8,0.7,Yes,Chinese,Cafeteria,5,Boredom,2.2,6.1,1,4,4.92,5678.0,8,0.95,Needs Improvement,Below Average,Yes,Yes
256,18,Male,2,Engineering,Often,4,4,10,5.2,No,Mixed,Cafeteria,9,No Trigger,1.8,6.5,2,4,5.84,3074.0,5,8.8,Healthy,Below Average,No,No
257,24,Male,1,Arts,Often,3,2,11,1.7,Yes,Indian,Cafeteria,7,Boredom,1.4,6.2,3,7,6.64,6457.0,6,4.85,Healthy,Average,Yes,No
258,17,Male,3,Science,Rarely,3,4,6,4.7,Yes,Continental,Cafeteria,4,Sadness,2.3,7.1,2,6,5.51,3969.0,7,6.85,Healthy,Below Average,No,Yes
259,17,Male,1,Medicine,Rarely,4,3,11,0.2,No,Mixed,Cafeteria,9,No Trigger,2.0,5.9,2,4,5.9,4148.0,2,2.1,Needs Improvement,Below Average,No,Yes
260,19,Male,4,Arts,Rarely,3,5,9,0.5,No,Continental,Cafeteria,6,Sadness,1.9,7.2,1,4,5.44,4624.0,8,0.95,Needs Improvement,Below Average,No,Yes
261,17,Female,2,Engineering,Rarely,2,2,8,1.5,No,Indian,Hostel Mess,10,Stress,2.1,5.8,2,4,4.91,2696.0,4,3.65,Needs Improvement,Below Average,Yes,Yes
262,19,Male,1,Commerce,Daily,3,2,10,1.0,Yes,Continental,Outside,3,No Trigger,2.1,9.1,0,8,7.42,5028.0,7,3.5,Needs Improvement,Average,No,No
263,18,Male,2,Engineering,Often,4,4,6,5.3,No,Indian,Outside,1,No Trigger,1.5,6.1,2,5,5.83,2412.0,7,7.75,Healthy,Below Average,No,No
264,22,Female,2,Engineering,Never,3,3,9,3.6,Yes,Chinese,Cafeteria,1,Stress,2.6,5.7,0,4,5.67,3802.0,5,6.6,Healthy,Below Average,Yes,Yes
265,21,Female,4,Arts,Daily,3,2,9,5.3,Yes,Chinese,Hostel Mess,2,No Trigger,2.1,6.1,4,5,6.49,3708.0,7,9.65,Healthy,Average,No,No
266,20,Female,1,Commerce,Rarely,2,4,10,1.2,Yes,Mixed,Cafeteria,2,Boredom,3.4,5.8,1,6,6.59,6286.0,7,2.8,Needs Improvement,Average,Yes,Yes
267,21,Female,3,Engineering,Often,3,0,14,3.5,No,Indian,Cafeteria,3,Stress,2.7,6.4,2,6,7.31,5175.0,9,9.45,Healthy,Average,Yes,No
268,23,Male,4,Arts,Rarely,2,5,8,0.6,No,Continental,Outside,2,Boredom,1.2,6.3,3,6,6.8,4546.0,4,0.8,Needs Improvement,Average,Yes,Yes
269,18,Female,3,Engineering,Rarely,3,3,10,3.2,Yes,Indian,Home,5,Boredom,3.0,4.4,2,3,5.34,2404.0,5,6.3,Healthy,Below Average,Yes,Yes
270,19,Male,1,Science,Daily,3,5,8,0.7,No,Chinese,Hostel Mess,1,Happiness,2.2,5.6,2,8,7.86,6036.0,6,0.95,Needs Improvement,Good,No,No
271,24,Male,4,Commerce,Rarely,4,1,12,1.2,No,Mixed,Home,10,Boredom,1.6,5.6,2,5,5.83,4700.0,5,4.9,Healthy,Below Average,Yes,Yes
272,24,Male,1,Commerce,Never,3,0,13,1.1,Yes,Continental,Outside,1,No Trigger,1.8,6.4,1,4,4.77,2377.0,7,5.55,Healthy,Below Average,No,Yes
273,23,Female,4,Medicine,Never,3,1,12,1.8,Yes,Continental,Cafeteria,1,No Trigger,2.1,6.2,3,4,6.55,4112.0,6,5.8,Healthy,Average,No,Yes
274,24,Female,2,Science,Often,3,1,11,2.2,No,Italian,Cafeteria,9,Stress,3.0,6.3,2,6,5.8,5815.0,6,6.1,Healthy,Below Average,Yes,No
275,19,Male,1,Arts,Often,3,4,9,0.9,No,Chinese,Hostel Mess,6,Stress,1.7,6.4,0,7,6.81,6817.0,5,2.05,Needs Improvement,Average,Yes,No
276,21,Male,3,Arts,Often,2,7,5,0.3,No,Fast Food,Cafeteria,5,Stress,1.5,7.2,0,7,7.76,2438.0,5,-1.55,Needs Improvement,Good,Yes,No
277,20,Female,3,Commerce,Often,2,1,9,3.1,No,Continental,Cafeteria,1,Stress,1.9,5.3,2,7,5.37,3878.0,6,6.85,Healthy,Below Average,Yes,No
278,23,Female,3,Commerce,Daily,2,5,6,1.1,No,Continental,Hostel Mess,2,No Trigger,3.0,5.2,2,7,6.39,2518.0,6,0.95,Needs Improvement,Average,No,No
279,24,Female,1,Science,Never,4,4,7,0.5,No,Mixed,Outside,1,No Trigger,1.3,3.6,2,3,5.21,5772.0,5,0.85,Needs Improvement,Below Average,No,Yes
280,20,Male,1,Medicine,Rarely,3,4,6,1.8,Yes,Fast Food,Cafeteria,5,No Trigger,2.1,6.9,3,6,5.7,4332.0,6,2.5,Needs Improvement,Below Average,No,Yes
281,17,Female,4,Medicine,Often,4,5,6,2.0,No,Mixed,Outside,2,No Trigger,0.8,8.6,1,8,6.87,4015.0,9,2.3,Needs Improvement,Average,No,No
282,24,Male,4,Science,Rarely,4,6,8,1.8,No,Italian,Cafeteria,2,Happiness,1.9,8.6,2,10,8.29,5223.0,9,2.1,Needs Improvement,Good,No,Yes
283,19,Female,3,Engineering,Often,3,4,7,0.6,Yes,Mixed,Cafeteria,4,No Trigger,2.3,7.9,3,6,6.71,3881.0,6,1.0,Needs Improvement,Average,No,No
284,17,Female,3,Commerce,Never,4,4,8,6.8,No,Indian,Home,9,No Trigger,2.5,6.6,3,3,6.04,4634.0,5,10.6,Healthy,Average,No,Yes
285,20,Female,4,Arts,Often,4,3,10,0.7,Yes,Italian,Hostel Mess,1,Happiness,2.0,7.3,1,7,5.99,3783.0,8,2.55,Needs Improvement,Below Average,No,No
286,22,Male,1,Science,Rarely,2,1,9,4.3,No,Continental,Outside,9,Sadness,2.3,5.8,3,6,6.96,4064.0,6,8.65,Healthy,Average,No,Yes
287,21,Male,3,Arts,Never,3,3,9,2.3,No,Mixed,Outside,1,No Trigger,1.5,6.9,1,6,6.48,5661.0,7,4.65,Healthy,Average,No,Yes
288,21,Female,4,Engineering,Daily,4,3,8,0.7,Yes,Mixed,Hostel Mess,9,Stress,1.4,5.6,1,6,7.11,4540.0,5,1.95,Needs Improvement,Average,Yes,No
289,19,Male,4,Medicine,Never,2,4,8,2.2,Yes,Continental,Hostel Mess,8,Sadness,1.8,6.9,2,3,5.62,3627.0,7,3.7,Needs Improvement,Below Average,No,Yes
290,17,Male,4,Engineering,Never,3,5,5,0.6,No,Indian,Home,2,Boredom,1.7,6.0,3,3,4.56,4534.0,6,-0.1,Needs Improvement,Below Average,Yes,Yes
291,21,Female,2,Science,Never,1,4,10,0.4,No,Italian,Outside,3,Stress,1.8,6.8,1,5,5.87,6172.0,5,1.6,Needs Improvement,Below Average,Yes,Yes
292,21,Male,4,Science,Never,2,0,14,4.0,No,Chinese,Hostel Mess,8,Boredom,3.3,7.7,1,4,5.73,6641.0,6,10.2,Healthy,Below Average,Yes,Yes
293,22,Male,2,Science,Never,2,2,11,6.7,No,Indian,Hostel Mess,9,Boredom,2.4,5.5,4,2,5.6,3208.0,4,12.35,Healthy,Below Average,Yes,Yes
294,19,Male,2,Medicine,Rarely,4,2,9,3.6,Yes,Continental,Cafeteria,2,No Trigger,2.7,4.5,3,3,5.09,2867.0,4,7.1,Healthy,Below Average,No,Yes
295,18,Male,1,Science,Rarely,3,6,6,1.8,No,Indian,Hostel Mess,5,No Trigger,0.5,4.7,2,5,5.73,6041.0,6,1.5,Needs Improvement,Below Average,No,Yes
296,22,Female,3,Engineering,Rarely,3,4,7,1.8,Yes,Italian,Cafeteria,3,No Trigger,2.4,6.8,2,4,6.25,3816.0,6,2.8,Needs Improvement,Average,No,Yes
297,23,Male,1,Commerce,Rarely,2,6,6,2.1,No,Chinese,Home,7,Stress,1.8,5.4,2,4,6.2,4279.0,4,1.95,Needs Improvement,Average,Yes,Yes
298,17,Male,1,Commerce,Daily,4,4,6,1.9,No,Mixed,Outside,9,Sadness,2.3,7.1,3,8,6.72,3424.0,7,2.65,Needs Improvement,Average,No,No
299,19,Male,2,Engineering,Often,2,3,8,1.4,No,Chinese,Outside,6,Boredom,2.9,6.3,3,7,7.42,4086.0,6,3.0,Needs Improvement,Average,Yes,No
300,22,Male,4,Commerce,Often,3,6,8,0.4,Yes,Italian,Hostel Mess,5,No Trigger,2.8,7.0,1,6,5.4,7008.0,7,0.0,Needs Improvement,Below Average,No,No
301,20,Male,3,Arts,Never,2,0,14,1.2,Yes,Indian,Outside,7,Stress,2.5,8.1,4,4,5.95,4860.0,8,6.0,Healthy,Below Average,Yes,Yes
302,23,Female,2,Science,Daily,3,2,8,4.9,Yes,Chinese,Home,9,Stress,1.9,6.8,1,8,7.86,5405.0,4,8.75,Healthy,Good,Yes,No
303,19,Male,2,Science,Often,3,1,13,1.8,No,Fast Food,Cafeteria,9,Stress,1.8,6.0,2,8,7.53,3220.0,8,6.1,Healthy,Good,Yes,No
304,20,Female,1,Arts,Often,4,2,11,1.3,No,Mixed,Cafeteria,8,Happiness,2.1,4.9,1,4,5.65,6756.0,5,4.25,Needs Improvement,Below Average,No,No
305,19,Male,3,Engineering,Often,3,1,11,5.8,No,Indian,Outside,2,Boredom,2.6,5.0,3,5,5.3,4515.0,6,11.5,Healthy,Below Average,Yes,No
306,17,Female,2,Science,Often,4,2,12,4.2,No,Italian,Outside,3,No Trigger,1.8,6.1,4,5,5.53,6148.0,7,8.9,Healthy,Below Average,No,No
307,23,Male,2,Medicine,Never,2,2,10,1.0,No,Mixed,Hostel Mess,4,Boredom,3.0,6.0,1,5,6.26,5147.0,7,3.5,Needs Improvement,Average,Yes,Yes
308,18,Male,2,Commerce,Rarely,3,4,8,0.6,Yes,Indian,Cafeteria,5,Stress,3.3,6.9,0,5,5.27,6209.0,8,1.3,Needs Improvement,Below Average,Yes,Yes
309,22,Female,3,Medicine,Rarely,3,4,6,3.4,Yes,Italian,Cafeteria,2,No Trigger,2.6,6.6,3,7,6.75,3328.0,7,4.9,Healthy,Average,No,Yes
310,21,Female,1,Medicine,Daily,2,2,10,1.9,No,Italian,Hostel Mess,7,Boredom,2.2,5.7,2,5,7.03,5725.0,6,4.85,Healthy,Average,Yes,No
311,23,Female,2,Medicine,Rarely,3,6,5,2.0,Yes,Chinese,Home,6,Stress,3.5,5.8,1,5,6.69,3769.0,5,1.5,Needs Improvement,Average,Yes,Yes
312,19,Female,1,Arts,Daily,4,1,9,5.2,No,Mixed,Hostel Mess,3,Boredom,2.3,4.1,3,5,6.54,2757.0,6,10.0,Healthy,Average,Yes,No
313,21,Female,3,Science,Rarely,3,5,7,0.3,No,Fast Food,Hostel Mess,10,No Trigger,2.8,5.8,3,5,6.0,4390.0,5,0.05,Needs Improvement,Below Average,No,Yes
314,18,Male,4,Arts,Rarely,2,2,10,3.1,Yes,Italian,Home,1,Stress,2.2,4.4,1,6,5.81,3859.0,6,6.65,Healthy,Below Average,Yes,Yes
315,19,Male,1,Science,Often,2,3,10,1.0,No,Indian,Home,9,Stress,2.4,5.9,4,6,6.9,2627.0,6,3.0,Needs Improvement,Average,Yes,No
316,22,Female,1,Medicine,Daily,2,4,6,4.1,No,Continental,Outside,8,No Trigger,1.6,4.9,1,8,7.99,4757.0,5,5.95,Healthy,Good,No,No
317,19,Female,1,Engineering,Rarely,4,2,11,1.8,Yes,Fast Food,Hostel Mess,7,Stress,0.6,7.6,0,3,6.18,4151.0,7,5.0,Healthy,Average,Yes,Yes
318,23,Male,3,Engineering,Often,3,1,10,4.7,No,Indian,Hostel Mess,5,Stress,2.4,7.5,4,6,6.24,2132.0,7,9.55,Healthy,Average,Yes,No
319,20,Female,1,Engineering,Daily,4,7,7,0.4,No,Fast Food,Cafeteria,5,Boredom,1.7,5.7,3,7,5.84,1638.0,6,-0.8,Needs Improvement,Below Average,Yes,No
320,21,Female,3,Arts,Daily,3,2,10,2.6,Yes,Mixed,Hostel Mess,10,Boredom,2.6,6.9,3,5,6.27,2746.0,4,5.9,Healthy,Average,Yes,No
321,21,Other,2,Arts,Daily,4,2,8,2.2,No,Fast Food,Cafeteria,10,Stress,2.2,7.5,1,8,6.38,3662.0,6,4.7,Healthy,Average,Yes,No
322,18,Female,3,Commerce,Rarely,3,2,11,2.7,No,Indian,Outside,5,Boredom,1.3,5.8,2,3,5.41,2142.0,4,6.35,Healthy,Below Average,Yes,Yes
323,19,Female,3,Commerce,Daily,2,1,11,0.4,Yes,Chinese,Hostel Mess,1,Happiness,2.2,5.8,2,8,7.0,4190.0,6,3.4,Needs Improvement,Average,No,No
324,20,Male,1,Science,Daily,2,0,13,1.1,No,Continental,Hostel Mess,1,No Trigger,1.9,7.3,1,10,8.07,3583.0,7,5.55,Healthy,Good,No,No
325,24,Female,4,Science,Rarely,4,2,9,3.0,Yes,Fast Food,Outside,1,No Trigger,2.4,6.7,2,7,6.01,4202.0,7,6.2,Healthy,Average,No,Yes
326,20,Male,3,Science,Often,2,2,11,4.6,Yes,Indian,Cafeteria,3,Happiness,2.3,6.7,2,6,6.98,3879.0,5,9.2,Healthy,Average,No,No
327,23,Male,4,Medicine,Rarely,2,2,8,1.5,Yes,Italian,Hostel Mess,7,Happiness,1.6,5.5,2,4,5.31,5688.0,5,3.65,Needs Improvement,Below Average,No,Yes
328,23,Male,1,Commerce,Rarely,2,2,11,0.6,No,Chinese,Hostel Mess,2,Stress,3.2,6.1,1,5,6.69,4199.0,6,3.2,Needs Improvement,Average,Yes,Yes
329,24,Male,2,Science,Rarely,3,3,7,3.5,Yes,Italian,Hostel Mess,6,No Trigger,1.8,6.4,1,6,7.02,3165.0,5,5.85,Healthy,Average,No,Yes
330,24,Female,1,Engineering,Rarely,4,2,11,1.9,No,Chinese,Home,6,Boredom,1.4,6.4,2,5,5.06,4170.0,6,5.15,Healthy,Below Average,Yes,Yes
331,20,Male,2,Medicine,Often,3,3,10,2.7,No,Italian,Cafeteria,10,No Trigger,2.4,5.8,5,5,5.59,3031.0,4,5.55,Healthy,Below Average,No,No
332,22,Female,3,Science,Daily,2,2,9,3.0,No,Italian,Hostel Mess,8,Stress,2.1,6.0,1,5,6.15,4777.0,5,6.2,Healthy,Average,Yes,No
333,21,Female,4,Engineering,Daily,3,3,11,2.3,No,Continental,Hostel Mess,7,Stress,2.8,8.1,1,7,7.52,4033.0,5,5.25,Healthy,Good,Yes,No
334,20,Male,2,Medicine,Never,3,3,7,2.7,No,Chinese,Outside,5,Boredom,1.8,7.6,1,3,5.53,4657.0,7,4.65,Healthy,Below Average,Yes,Yes
335,17,Female,2,Arts,Often,3,3,8,2.8,No,Continental,Cafeteria,9,Sadness,2.7,8.6,0,5,6.89,2685.0,7,5.1,Healthy,Average,No,No
336,19,Female,4,Science,Often,3,2,11,3.3,No,Indian,Hostel Mess,9,Boredom,1.5,4.5,1,5,5.25,5554.0,4,7.25,Healthy,Below Average,Yes,No
337,20,Male,3,Engineering,Often,4,1,12,3.9,Yes,Italian,Outside,4,Happiness,3.0,4.2,3,3,4.27,6643.0,4,8.95,Healthy,Below Average,No,No
338,22,Male,2,Science,Never,3,2,12,2.7,Yes,Italian,Home,5,No Trigger,2.1,7.3,2,5,5.88,5234.0,6,6.65,Healthy,Below Average,No,Yes
339,21,Male,2,Arts,Often,3,4,6,2.9,No,Chinese,Outside,9,Boredom,1.5,8.5,0,8,6.98,5802.0,6,4.15,Needs Improvement,Average,Yes,No
340,20,Female,4,Science,Rarely,3,1,12,1.5,No,Continental,Hostel Mess,3,Stress,0.5,7.4,3,8,6.24,2188.0,7,5.35,Healthy,Average,Yes,Yes
341,24,Female,4,Science,Daily,3,5,5,2.8,No,Chinese,Cafeteria,5,Stress,2.5,5.1,2,7,7.33,5080.0,4,3.2,Needs Improvement,Average,Yes,No
342,20,Female,1,Science,Daily,4,6,5,0.3,Yes,Fast Food,Cafeteria,7,Boredom,2.2,7.8,3,9,7.46,4004.0,6,-1.05,Needs Improvement,Average,Yes,No
343,24,Female,1,Engineering,Never,4,1,10,6.3,No,Mixed,Cafeteria,4,Boredom,0.6,6.5,1,4,6.29,3127.0,6,11.95,Healthy,Average,Yes,Yes
344,19,Female,3,Arts,Rarely,4,2,10,2.5,No,Fast Food,Outside,10,Boredom,1.0,4.4,4,4,5.55,6557.0,6,5.75,Healthy,Below Average,Yes,Yes
345,19,Male,4,Arts,Often,2,1,11,1.4,Yes,Mixed,Home,5,Boredom,2.1,6.2,2,5,6.67,3706.0,5,4.9,Healthy,Average,Yes,No
346,17,Male,4,Medicine,Often,3,2,10,2.7,Yes,Fast Food,Outside,7,Stress,2.2,4.8,8,6,7.7,3805.0,7,6.05,Healthy,Good,Yes,No
347,24,Female,1,Medicine,Never,4,2,8,0.7,No,Fast Food,Cafeteria,10,Boredom,2.0,7.3,1,4,6.7,4750.0,6,2.45,Needs Improvement,Average,Yes,Yes
348,19,Female,1,Arts,Often,2,4,8,1.1,No,Indian,Hostel Mess,9,Boredom,1.5,5.4,3,6,6.31,5722.0,3,2.05,Needs Improvement,Average,Yes,No
349,19,Female,1,Engineering,Rarely,4,1,13,1.8,No,Indian,Outside,6,No Trigger,2.3,8.5,2,6,5.25,6166.0,7,6.1,Healthy,Below Average,No,Yes
350,24,Female,4,Commerce,Daily,4,1,11,2.8,Yes,Italian,Cafeteria,7,Happiness,2.3,5.7,4,7,7.98,5216.0,6,7.0,Healthy,Good,No,No
351,23,Male,3,Engineering,Daily,3,3,10,1.0,Yes,Indian,Hostel Mess,5,No Trigger,2.4,5.7,0,7,6.79,4834.0,6,3.0,Needs Improvement,Average,No,No
352,18,Male,2,Medicine,Daily,2,3,8,3.2,No,Chinese,Home,9,Sadness,1.9,8.2,1,8,6.02,3482.0,6,5.7,Healthy,Average,No,No
353,22,Male,3,Science,Never,3,2,10,2.1,Yes,Chinese,Hostel Mess,5,Boredom,1.8,8.5,2,5,6.58,5452.0,7,5.15,Healthy,Average,Yes,Yes
354,24,Male,4,Engineering,Daily,4,4,8,1.8,No,Indian,Cafeteria,4,Stress,1.3,6.3,0,5,5.66,3899.0,6,3.1,Needs Improvement,Below Average,Yes,No
355,23,Male,3,Medicine,Rarely,2,5,9,6.8,Yes,Italian,Hostel Mess,2,No Trigger,1.5,6.8,3,7,5.75,4711.0,7,10.4,Healthy,Below Average,No,Yes
356,21,Male,1,Science,Never,2,3,7,1.5,No,Indian,Cafeteria,3,Stress,2.9,5.6,1,3,5.23,3899.0,5,2.85,Needs Improvement,Below Average,Yes,Yes
357,20,Female,3,Engineering,Never,3,3,10,0.1,No,Continental,Cafeteria,5,No Trigger,2.9,6.1,2,3,5.01,3222.0,7,1.65,Needs Improvement,Below Average,No,Yes
358,18,Female,1,Commerce,Daily,4,2,8,1.4,No,Chinese,Hostel Mess,6,Happiness,1.5,4.7,2,6,6.31,2785.0,6,3.5,Needs Improvement,Average,No,No
359,18,Male,4,Commerce,Daily,4,5,8,3.0,Yes,Fast Food,Cafeteria,3,Sadness,1.8,7.9,3,7,6.78,3731.0,8,4.4,Healthy,Average,No,No
360,19,Female,2,Arts,Rarely,4,4,9,1.4,No,Indian,Home,5,Happiness,1.6,7.0,3,5,5.91,4829.0,7,2.8,Needs Improvement,Below Average,No,Yes
361,19,Male,2,Engineering,Rarely,1,4,6,1.5,No,Continental,Hostel Mess,7,Boredom,2.9,5.3,0,4,5.98,2666.0,5,2.05,Needs Improvement,Below Average,Yes,Yes
362,17,Female,1,Arts,Often,3,3,8,1.5,Yes,Continental,Outside,6,No Trigger,1.6,5.0,2,5,5.96,3091.0,5,3.15,Needs Improvement,Below Average,No,No
363,20,Female,1,Commerce,Rarely,3,3,8,1.1,Yes,Continental,Cafeteria,5,No Trigger,3.2,7.3,0,6,5.5,5033.0,7,2.55,Needs Improvement,Below Average,No,Yes
364,24,Female,4,Medicine,Never,4,5,9,2.1,Yes,Indian,Home,9,Happiness,1.8,7.5,0,3,4.81,5577.0,7,3.35,Needs Improvement,Below Average,No,Yes
365,18,Male,3,Arts,Often,3,1,10,1.7,Yes,Continental,Cafeteria,4,No Trigger,3.1,6.6,0,6,5.46,4086.0,6,5.05,Healthy,Below Average,No,No
366,21,Female,4,Science,Never,3,4,10,4.7,No,Continental,Cafeteria,9,Stress,2.4,5.7,5,3,6.08,2818.0,6,8.05,Healthy,Average,Yes,Yes
367,24,Other,1,Science,Never,3,2,9,4.0,No,Fast Food,Cafeteria,1,No Trigger,1.7,6.0,6,4,5.21,4575.0,8,7.7,Healthy,Below Average,No,Yes
368,20,Female,3,Medicine,Daily,3,2,12,3.0,No,Fast Food,Cafeteria,8,Happiness,2.6,5.3,1,6,5.62,6198.0,4,7.1,Healthy,Below Average,No,No
369,24,Female,1,Commerce,Rarely,4,3,7,2.9,No,Fast Food,Outside,9,Stress,2.7,6.2,1,4,5.53,5393.0,6,4.95,Healthy,Below Average,Yes,Yes
370,22,Female,2,Engineering,Daily,2,5,9,1.5,No,Italian,Hostel Mess,2,No Trigger,1.8,5.9,5,6,6.14,3052.0,6,2.45,Needs Improvement,Average,No,No
371,20,Male,1,Commerce,Often,3,7,5,8.0,No,Fast Food,Hostel Mess,2,No Trigger,1.7,6.2,1,6,5.5,6061.0,5,10.0,Healthy,Below Average,No,No
372,23,Female,2,Arts,Often,2,0,14,3.4,No,Fast Food,Home,1,No Trigger,1.4,5.8,1,7,6.0,5835.0,6,9.3,Healthy,Below Average,No,No
373,17,Female,3,Science,Daily,3,3,9,4.8,No,Chinese,Cafeteria,8,No Trigger,1.0,6.1,0,7,6.37,5660.0,4,8.4,Healthy,Average,No,No
374,24,Male,1,Arts,Never,4,4,6,2.4,Yes,Mixed,Hostel Mess,8,Boredom,2.0,5.3,0,3,5.47,4917.0,6,3.4,Needs Improvement,Below Average,Yes,Yes
375,23,Male,4,Science,Often,3,3,8,2.2,No,Mixed,Home,4,Happiness,1.6,6.9,2,8,6.89,2832.0,8,4.2,Needs Improvement,Average,No,No
376,23,Female,3,Engineering,Often,3,2,9,6.7,No,Continental,Hostel Mess,10,Stress,1.6,5.3,3,5,5.11,5141.0,2,11.75,Healthy,Below Average,Yes,No
377,19,Male,1,Engineering,Rarely,2,0,14,2.2,No,Italian,Home,7,Sadness,1.7,6.5,0,5,5.48,6839.0,6,7.5,Healthy,Below Average,No,Yes
378,23,Male,4,Science,Daily,2,3,7,1.6,No,Mixed,Home,2,Happiness,2.0,7.4,2,6,6.39,4873.0,7,3.0,Needs Improvement,Average,No,No
379,17,Male,1,Commerce,Often,3,2,12,3.8,Yes,Indian,Hostel Mess,6,Boredom,2.1,6.4,3,7,7.31,1680.0,6,8.3,Healthy,Average,Yes,No
380,23,Female,3,Science,Daily,3,1,13,1.4,No,Fast Food,Home,5,No Trigger,1.5,7.1,2,7,7.68,6090.0,7,5.5,Healthy,Good,No,No
381,21,Female,3,Engineering,Often,2,5,8,0.7,No,Mixed,Outside,2,No Trigger,1.6,5.6,1,7,7.22,4013.0,8,0.95,Needs Improvement,Average,No,No
382,21,Male,1,Commerce,Often,1,3,9,1.7,No,Continental,Outside,9,Stress,1.6,7.2,0,6,6.26,4537.0,5,3.75,Needs Improvement,Average,Yes,No
383,22,Male,3,Arts,Daily,2,3,8,0.1,No,Continental,Outside,3,No Trigger,1.8,8.9,2,8,6.3,2977.0,7,1.05,Needs Improvement,Average,No,No
384,22,Female,3,Arts,Rarely,4,5,7,1.6,Yes,Mixed,Cafeteria,9,No Trigger,2.4,6.1,2,5,7.1,2663.0,5,2.0,Needs Improvement,Average,No,Yes
385,23,Female,1,Medicine,Daily,4,0,13,1.1,Yes,Continental,Hostel Mess,8,Stress,2.8,5.5,3,7,6.8,5040.0,5,5.55,Healthy,Average,Yes,No
386,24,Female,3,Science,Daily,4,1,12,1.5,Yes,Mixed,Hostel Mess,3,No Trigger,2.9,5.8,2,8,7.2,1500.0,6,5.35,Healthy,Average,No,No
387,19,Female,3,Commerce,Often,4,6,4,6.7,Yes,Chinese,Cafeteria,9,Sadness,2.6,3.0,1,5,5.76,3964.0,4,8.25,Healthy,Below Average,No,No
388,18,Male,1,Science,Never,2,2,9,0.4,No,Italian,Hostel Mess,7,Boredom,1.2,7.4,4,3,5.45,4774.0,5,2.3,Needs Improvement,Below Average,Yes,Yes
389,19,Other,2,Arts,Often,3,5,7,2.9,Yes,Mixed,Outside,7,Stress,1.3,5.9,1,6,6.5,3184.0,5,3.95,Needs Improvement,Average,Yes,No
390,21,Female,1,Arts,Often,3,6,6,0.6,No,Mixed,Cafeteria,4,No Trigger,1.7,7.2,1,6,6.49,4972.0,7,-0.3,Needs Improvement,Average,No,No
391,21,Male,2,Arts,Daily,2,2,11,0.3,Yes,Italian,Cafeteria,9,Stress,2.6,6.0,3,8,7.44,3271.0,4,2.75,Needs Improvement,Average,Yes,No
392,23,Male,1,Engineering,Often,3,5,8,0.2,No,Italian,Home,5,Stress,2.9,6.6,1,6,7.01,5972.0,7,0.2,Needs Improvement,Average,Yes,No
393,20,Female,4,Engineering,Rarely,4,4,7,0.7,Yes,Italian,Outside,1,Boredom,2.1,6.4,4,6,5.77,2876.0,7,1.15,Needs Improvement,Below Average,Yes,Yes
394,17,Male,4,Engineering,Daily,3,2,10,1.6,Yes,Mixed,Hostel Mess,5,Happiness,2.6,5.8,3,5,6.23,5239.0,5,4.4,Healthy,Average,No,No
395,21,Male,4,Commerce,Often,4,0,10,1.4,No,Continental,Hostel Mess,8,Stress,2.5,6.0,0,5,5.77,4570.0,4,5.1,Healthy,Below Average,Yes,No
396,22,Female,4,Science,Often,3,3,8,0.9,No,Indian,Outside,1,Happiness,1.2,6.2,2,4,4.59,4450.0,7,2.25,Needs Improvement,Below Average,No,No
397,23,Female,3,Engineering,Rarely,3,5,8,2.0,No,Chinese,Cafeteria,9,Boredom,3.3,4.5,1,3,5.73,3529.0,6,2.9,Needs Improvement,Below Average,Yes,Yes
398,20,Male,3,Engineering,Daily,3,2,11,1.2,Yes,Chinese,Cafeteria,6,Stress,2.0,5.8,2,6,6.59,5792.0,5,4.1,Needs Improvement,Average,Yes,No
399,22,Female,1,Commerce,Rarely,2,3,11,3.2,No,Chinese,Cafeteria,8,Boredom,1.5,5.5,1,2,5.54,4042.0,6,6.6,Healthy,Below Average,Yes,Yes
400,17,Female,1,Arts,Daily,3,2,8,4.6,Yes,Continental,Home,9,Boredom,2.7,5.2,2,6,5.55,3448.0,5,8.3,Healthy,Below Average,Yes,No
401,20,Female,1,Medicine,Often,3,4,6,3.2,No,Fast Food,Home,9,Sadness,2.6,4.9,4,5,6.6,5954.0,5,4.6,Healthy,Average,No,No
402,22,Male,2,Medicine,Daily,3,4,7,0.7,Yes,Italian,Hostel Mess,5,Boredom,1.4,5.5,3,8,7.93,3476.0,6,1.15,Needs Improvement,Good,Yes,No
403,19,Female,2,Engineering,Rarely,3,0,12,4.6,No,Mixed,Outside,4,Stress,2.3,7.7,2,5,6.23,4332.0,7,10.5,Healthy,Average,Yes,Yes
404,22,Female,4,Medicine,Often,3,3,10,5.9,Yes,Indian,Hostel Mess,9,Stress,2.5,5.0,7,5,6.7,6596.0,3,10.35,Healthy,Average,Yes,No
405,22,Female,4,Arts,Rarely,2,2,8,2.7,No,Continental,Cafeteria,1,Happiness,1.6,7.0,3,7,6.96,3293.0,7,5.45,Healthy,Average,No,Yes
406,20,Male,3,Commerce,Rarely,3,1,10,0.6,No,Mixed,Outside,4,Boredom,2.0,7.6,4,5,6.88,4559.0,7,3.4,Needs Improvement,Average,Yes,Yes
407,22,Male,3,Commerce,Never,4,5,9,1.4,No,Fast Food,Hostel Mess,4,No Trigger,1.5,6.1,2,4,5.23,5017.0,5,2.3,Needs Improvement,Below Average,No,Yes
408,17,Female,4,Commerce,Often,4,6,5,0.3,No,Indian,Outside,5,Stress,1.6,6.9,5,7,6.8,4969.0,9,-1.05,Needs Improvement,Average,Yes,No
409,23,Male,3,Commerce,Rarely,4,5,8,1.9,No,Fast Food,Home,2,Stress,2.9,5.7,1,5,5.93,5959.0,7,2.75,Needs Improvement,Below Average,Yes,Yes
410,20,Male,3,Arts,Often,3,6,5,1.2,Yes,Indian,Hostel Mess,9,Stress,3.1,6.2,1,6,7.33,3107.0,7,0.3,Needs Improvement,Average,Yes,No
411,17,Female,1,Commerce,Rarely,3,3,10,0.7,Yes,Continental,Hostel Mess,10,Boredom,1.8,8.1,1,5,5.88,3080.0,4,2.55,Needs Improvement,Below Average,Yes,Yes
412,22,Male,4,Arts,Rarely,3,3,9,2.0,No,Mixed,Outside,3,No Trigger,2.6,5.9,3,5,6.88,5665.0,5,4.2,Needs Improvement,Average,No,Yes
413,24,Male,1,Science,Never,3,5,5,1.2,Yes,Mixed,Outside,9,Boredom,1.5,7.6,2,3,5.69,6727.0,5,0.8,Needs Improvement,Below Average,Yes,Yes
414,23,Female,4,Commerce,Rarely,2,1,9,0.8,Yes,Indian,Cafeteria,6,Happiness,1.9,6.7,2,4,5.91,5549.0,6,3.4,Needs Improvement,Below Average,No,Yes
415,19,Female,4,Engineering,Daily,3,3,10,6.5,Yes,Fast Food,Cafeteria,3,Boredom,3.0,7.4,1,10,8.18,2603.0,7,11.25,Healthy,Good,Yes,No
416,18,Female,4,Science,Rarely,2,3,10,2.7,No,Mixed,Outside,2,No Trigger,2.2,6.4,1,4,5.45,5662.0,8,5.55,Healthy,Below Average,No,Yes
417,21,Female,1,Arts,Daily,2,3,10,2.1,No,Fast Food,Outside,6,Stress,2.3,7.8,1,7,6.31,5066.0,10,4.65,Healthy,Average,Yes,No
418,19,Female,4,Arts,Daily,3,3,9,3.9,Yes,Mixed,Home,1,No Trigger,2.2,6.6,0,8,7.89,5798.0,7,7.05,Healthy,Good,No,No
419,24,Male,3,Engineering,Often,2,2,8,1.0,No,Italian,Cafeteria,7,Stress,1.9,7.2,0,5,6.27,4332.0,6,2.9,Needs Improvement,Average,Yes,No
420,24,Male,3,Science,Often,3,5,9,3.3,Yes,Mixed,Cafeteria,4,Stress,1.4,7.3,3,7,7.19,4129.0,7,5.15,Healthy,Average,Yes,No
421,19,Female,2,Arts,Rarely,3,4,6,0.8,Yes,Mixed,Outside,4,No Trigger,2.4,6.6,1,4,5.48,5760.0,5,1.0,Needs Improvement,Below Average,No,Yes
422,22,Female,3,Science,Often,2,4,7,1.4,No,Continental,Cafeteria,7,Happiness,3.1,6.8,2,7,6.15,4868.0,6,2.2,Needs Improvement,Average,No,No
423,21,Male,4,Commerce,Rarely,2,2,10,0.4,No,Indian,Hostel Mess,6,Sadness,2.1,6.1,0,3,5.22,4470.0,6,2.6,Needs Improvement,Below Average,No,Yes
424,21,Male,3,Science,Daily,3,4,10,0.7,No,Fast Food,Outside,7,Boredom,0.7,6.5,0,6,6.56,4280.0,5,2.05,Needs Improvement,Average,Yes,No
425,24,Female,1,Arts,Rarely,2,3,10,2.1,No,Fast Food,Hostel Mess,4,No Trigger,1.7,7.2,2,6,6.86,6982.0,6,4.65,Healthy,Average,No,Yes
426,24,Male,1,Commerce,Daily,3,0,10,5.4,No,Continental,Cafeteria,2,No Trigger,2.3,5.1,1,7,6.9,3142.0,7,11.1,Healthy,Average,No,No
427,18,Male,4,Arts,Daily,2,4,7,3.5,No,Mixed,Cafeteria,8,Stress,1.9,4.4,4,5,7.13,4015.0,6,5.35,Healthy,Average,Yes,No
428,21,Female,2,Medicine,Often,4,5,9,6.4,No,Chinese,Home,7,Boredom,2.6,7.8,1,7,6.97,6338.0,7,9.8,Healthy,Average,Yes,No
429,24,Male,4,Engineering,Daily,2,2,10,8.0,No,Continental,Cafeteria,10,Boredom,2.3,3.9,4,4,6.45,5217.0,5,14.0,Healthy,Average,Yes,No
430,23,Male,3,Medicine,Often,2,2,9,5.2,Yes,Indian,Hostel Mess,5,No Trigger,3.3,6.5,1,6,6.72,4446.0,4,9.5,Healthy,Average,No,No
431,18,Male,3,Medicine,Rarely,3,1,10,6.9,No,Fast Food,Home,4,Boredom,2.5,5.4,2,4,5.56,5255.0,6,12.85,Healthy,Below Average,Yes,Yes
432,17,Male,2,Arts,Daily,4,4,9,0.7,Yes,Chinese,Cafeteria,10,Happiness,2.8,3.9,5,5,7.17,2671.0,3,1.75,Needs Improvement,Average,No,No
433,17,Male,4,Arts,Never,1,3,11,7.5,No,Chinese,Outside,5,No Trigger,1.3,6.4,5,4,5.81,3419.0,5,13.05,Healthy,Below Average,No,Yes
434,17,Other,4,Commerce,Often,2,2,8,1.2,Yes,Fast Food,Outside,6,Stress,1.8,5.3,2,7,6.2,3044.0,6,3.2,Needs Improvement,Average,Yes,No
435,19,Other,1,Science,Often,4,3,8,1.7,Yes,Chinese,Cafeteria,3,Stress,1.7,8.1,1,7,6.41,3496.0,6,3.45,Needs Improvement,Average,Yes,No
436,18,Female,4,Arts,Daily,1,4,8,0.8,No,Fast Food,Outside,2,No Trigger,2.6,8.0,3,8,8.27,3986.0,8,1.6,Needs Improvement,Good,No,No
437,24,Female,3,Commerce,Often,3,2,12,2.0,Yes,Continental,Home,1,Happiness,2.0,6.7,0,6,5.7,3655.0,6,5.6,Healthy,Below Average,No,No
438,17,Female,4,Science,Rarely,4,5,7,1.7,Yes,Chinese,Outside,4,No Trigger,1.4,6.4,4,4,6.25,5768.0,5,2.15,Needs Improvement,Average,No,Yes
439,20,Male,2,Medicine,Rarely,2,5,5,5.0,Yes,Mixed,Cafeteria,7,Stress,2.1,7.9,6,6,5.86,2211.0,5,6.5,Healthy,Below Average,Yes,Yes
440,17,Other,4,Arts,Never,4,6,4,4.6,Yes,Indian,Home,9,Happiness,1.0,9.1,6,3,4.0,2124.0,6,5.1,Healthy,Below Average,No,Yes
441,20,Female,4,Science,Daily,1,2,9,1.3,No,Italian,Outside,3,Stress,0.9,6.3,1,8,7.74,6523.0,6,3.65,Needs Improvement,Good,Yes,No
442,19,Other,4,Medicine,Daily,3,4,8,1.8,Yes,Indian,Cafeteria,10,Boredom,1.9,7.2,4,6,5.42,3276.0,6,3.1,Needs Improvement,Below Average,Yes,No
443,21,Male,2,Commerce,Daily,2,5,6,5.0,Yes,Fast Food,Cafeteria,3,No Trigger,1.9,7.3,0,7,7.83,4809.0,6,6.8,Healthy,Good,No,No
444,19,Female,4,Science,Never,2,2,11,1.4,No,Chinese,Hostel Mess,5,No Trigger,2.8,6.9,1,5,4.86,6192.0,7,4.4,Healthy,Below Average,No,Yes
445,19,Male,3,Science,Never,2,2,11,1.7,Yes,Mixed,Home,3,Boredom,2.3,8.0,6,5,5.25,6220.0,5,4.85,Healthy,Below Average,Yes,Yes
446,23,Female,4,Arts,Often,3,0,12,0.7,Yes,Continental,Hostel Mess,6,Boredom,2.7,6.9,1,6,5.45,6054.0,6,4.65,Healthy,Below Average,Yes,No
447,19,Female,3,Science,Never,3,1,12,4.1,No,Continental,Outside,7,Boredom,1.4,5.8,0,2,5.17,4069.0,5,9.25,Healthy,Below Average,Yes,Yes
448,19,Female,2,Arts,Often,4,4,8,3.3,No,Indian,Outside,6,Boredom,2.2,5.7,1,6,6.87,2772.0,7,5.35,Healthy,Average,Yes,No
449,22,Female,2,Arts,Daily,4,2,11,4.1,Yes,Fast Food,Cafeteria,2,No Trigger,1.8,7.4,3,8,7.34,3350.0,8,8.45,Healthy,Average,No,No
450,23,Female,2,Medicine,Often,3,5,8,1.6,No,Mixed,Outside,4,Boredom,2.4,6.8,2,6,6.63,5969.0,7,2.3,Needs Improvement,Average,Yes,No
451,20,Female,1,Medicine,Often,3,0,14,0.8,No,Mixed,Hostel Mess,5,No Trigger,1.8,5.1,4,6,7.09,2440.0,5,5.4,Healthy,Average,No,No
452,18,Male,4,Engineering,Rarely,3,0,14,1.4,No,Chinese,Hostel Mess,3,No Trigger,1.9,7.2,2,7,5.68,5454.0,8,6.3,Healthy,Below Average,No,Yes
453,23,Male,1,Commerce,Never,3,8,5,1.5,No,Indian,Hostel Mess,2,Stress,2.5,8.4,1,4,5.6,3150.0,6,-0.25,Needs Improvement,Below Average,Yes,Yes
454,24,Male,1,Engineering,Never,3,1,9,1.6,No,Mixed,Hostel Mess,2,No Trigger,1.3,7.5,4,5,6.81,7454.0,9,4.6,Healthy,Average,No,Yes
455,23,Female,1,Science,Daily,2,3,11,1.2,No,Italian,Cafeteria,1,No Trigger,2.5,6.5,2,8,6.54,3709.0,8,3.6,Needs Improvement,Average,No,No
456,22,Male,3,Commerce,Often,4,4,8,0.7,No,Continental,Cafeteria,4,Boredom,1.5,8.3,0,6,6.42,4625.0,7,1.45,Needs Improvement,Average,Yes,No
457,24,Male,3,Medicine,Often,4,3,8,3.6,No,Chinese,Outside,7,Stress,2.5,5.3,3,5,6.1,3497.0,5,6.3,Healthy,Average,Yes,No
458,21,Male,1,Commerce,Rarely,4,2,9,1.3,No,Chinese,Outside,9,Stress,0.7,5.7,1,4,5.45,6045.0,4,3.65,Needs Improvement,Below Average,Yes,Yes
459,17,Female,2,Science,Rarely,3,4,10,2.2,No,Continental,Home,8,Boredom,1.8,6.7,3,5,4.99,7122.0,6,4.3,Healthy,Below Average,Yes,Yes
460,19,Male,4,Science,Daily,3,2,10,1.5,Yes,Italian,Cafeteria,2,No Trigger,2.4,5.7,2,8,8.53,4049.0,6,4.25,Needs Improvement,Excellent,No,No
461,17,Female,2,Arts,Rarely,2,1,13,4.3,No,Continental,Cafeteria,2,Boredom,1.8,5.9,1,4,5.87,5977.0,7,9.85,Healthy,Below Average,Yes,Yes
462,21,Female,2,Science,Never,3,0,10,2.3,Yes,Mixed,Hostel Mess,3,No Trigger,3.0,7.6,2,5,6.69,3570.0,6,6.45,Healthy,Average,No,Yes
463,21,Male,2,Engineering,Rarely,2,2,11,1.5,No,Chinese,Cafeteria,3,Boredom,1.8,6.1,3,4,5.42,5166.0,8,4.55,Healthy,Below Average,Yes,Yes
464,20,Female,3,Arts,Often,2,4,6,1.6,Yes,Italian,Hostel Mess,7,No Trigger,1.7,6.4,3,7,6.94,4231.0,5,2.2,Needs Improvement,Average,No,No
465,17,Male,1,Medicine,Daily,2,3,8,1.0,Yes,Fast Food,Outside,6,Stress,2.3,5.4,4,7,6.25,5263.0,8,2.4,Needs Improvement,Average,Yes,No
466,19,Female,1,Arts,Often,3,6,8,0.7,No,Italian,Hostel Mess,9,Boredom,2.3,6.5,0,5,6.64,4052.0,7,0.45,Needs Improvement,Average,Yes,No
467,19,Female,3,Medicine,Never,3,2,12,3.8,No,Continental,Outside,3,Happiness,0.8,5.6,6,4,5.5,3721.0,6,8.3,Healthy,Below Average,No,Yes
468,20,Female,4,Engineering,Rarely,3,3,11,8.0,Yes,Chinese,Cafeteria,4,Happiness,1.9,5.3,4,5,6.67,5401.0,5,13.8,Healthy,Average,No,Yes
469,18,Male,4,Commerce,Often,2,2,10,1.4,No,Chinese,Cafeteria,2,Boredom,3.2,7.4,2,7,7.09,3685.0,7,4.1,Needs Improvement,Average,Yes,No
470,21,Female,3,Engineering,Daily,2,4,6,1.6,Yes,Indian,Home,6,Happiness,1.6,7.1,2,6,6.23,4929.0,6,2.2,Needs Improvement,Average,No,No
471,24,Female,3,Arts,Often,2,4,8,1.3,Yes,Mixed,Cafeteria,7,Sadness,1.6,6.5,0,6,6.22,4188.0,6,2.35,Needs Improvement,Average,No,No
472,17,Female,1,Science,Daily,1,2,12,0.3,Yes,Chinese,Home,2,Happiness,2.6,6.8,4,6,6.44,4244.0,6,3.05,Needs Improvement,Average,No,No
473,17,Male,1,Engineering,Daily,2,4,10,2.7,No,Fast Food,Hostel Mess,4,Happiness,2.6,6.5,1,8,8.25,3973.0,5,5.05,Healthy,Good,No,No
474,19,Male,2,Commerce,Never,3,3,8,1.8,No,Italian,Hostel Mess,2,Boredom,2.1,6.8,5,4,6.71,2149.0,7,3.6,Needs Improvement,Average,Yes,Yes
475,21,Female,2,Arts,Daily,2,3,8,1.4,Yes,Continental,Cafeteria,4,Happiness,1.5,6.3,1,8,7.45,4332.0,5,3.0,Needs Improvement,Average,No,No
476,18,Female,4,Commerce,Often,2,2,10,3.0,No,Mixed,Home,3,Happiness,1.6,6.1,3,5,5.08,4612.0,7,6.5,Healthy,Below Average,No,No
477,19,Male,2,Arts,Daily,3,6,4,1.5,No,Italian,Outside,9,Boredom,3.8,7.7,3,8,7.35,4313.0,6,0.45,Needs Improvement,Average,Yes,No
478,17,Male,4,Arts,Daily,3,4,10,4.8,No,Mixed,Cafeteria,9,No Trigger,3.3,3.6,1,5,6.96,4522.0,3,8.2,Healthy,Average,No,No
479,18,Male,4,Science,Often,1,1,13,0.5,No,Continental,Cafeteria,6,Boredom,1.8,6.5,5,7,7.75,4992.0,5,4.15,Needs Improvement,Good,Yes,No
480,22,Female,1,Science,Often,3,5,5,1.3,No,Indian,Hostel Mess,6,No Trigger,1.3,6.7,1,5,5.7,4332.0,6,0.95,Needs Improvement,Below Average,No,No
481,19,Female,2,Arts,Never,2,2,9,1.5,No,Italian,Outside,3,No Trigger,3.8,5.6,3,4,5.45,5013.0,7,3.95,Needs Improvement,Below Average,No,Yes
482,24,Male,3,Medicine,Rarely,3,0,14,3.7,No,Fast Food,Hostel Mess,10,Happiness,2.4,8.5,1,6,6.66,4107.0,6,9.75,Healthy,Average,No,Yes
483,21,Male,2,Engineering,Often,2,5,9,1.0,No,Fast Food,Home,1,Boredom,2.4,6.3,4,7,6.39,3819.0,8,1.7,Needs Improvement,Average,Yes,No
484,24,Male,1,Science,Rarely,4,2,9,0.3,No,Chinese,Hostel Mess,4,Boredom,2.2,5.1,1,6,6.88,3838.0,5,2.15,Needs Improvement,Average,Yes,Yes
485,20,Female,1,Science,Daily,4,4,6,1.5,Yes,Chinese,Outside,5,No Trigger,2.7,7.8,3,8,6.44,4339.0,6,2.05,Needs Improvement,Average,No,No
486,24,Female,4,Engineering,Daily,3,5,6,2.2,Yes,Mixed,Hostel Mess,8,Sadness,1.5,8.2,2,6,6.19,4231.0,7,2.6,Needs Improvement,Average,No,No
487,24,Male,4,Engineering,Never,4,2,11,1.1,No,Mixed,Home,4,No Trigger,2.8,5.4,1,3,6.13,6203.0,8,3.95,Needs Improvement,Average,No,Yes
488,23,Male,3,Medicine,Rarely,2,4,10,1.7,No,Mixed,Hostel Mess,6,No Trigger,2.2,4.3,2,3,5.16,3843.0,4,3.55,Needs Improvement,Below Average,No,Yes
489,21,Female,2,Engineering,Often,2,4,8,4.4,Yes,Continental,Cafeteria,2,Happiness,2.9,4.9,2,6,6.9,3925.0,4,7.0,Healthy,Average,No,No
490,19,Male,2,Science,Daily,3,1,12,6.2,No,Continental,Home,9,Boredom,1.7,4.5,2,5,6.34,2371.0,5,12.4,Healthy,Average,Yes,No
491,22,Male,4,Commerce,Daily,2,6,4,1.6,No,Mixed,Cafeteria,8,No Trigger,2.1,5.1,3,5,5.41,6215.0,5,0.6,Needs Improvement,Below Average,No,No
492,21,Female,4,Medicine,Often,2,2,11,2.1,Yes,Chinese,Cafeteria,9,Sadness,1.9,7.1,1,6,5.82,5165.0,5,5.45,Healthy,Below Average,No,No
493,21,Male,4,Medicine,Daily,3,2,12,1.8,No,Indian,Cafeteria,9,No Trigger,1.4,5.0,2,6,7.4,5846.0,6,5.3,Healthy,Average,No,No
494,18,Female,1,Medicine,Rarely,4,2,10,1.1,No,Italian,Hostel Mess,2,Boredom,2.1,6.4,3,3,5.07,5355.0,6,3.65,Needs Improvement,Below Average,Yes,Yes
495,20,Female,4,Science,Never,3,1,9,0.5,No,Chinese,Cafeteria,2,No Trigger,2.6,5.6,3,6,6.59,4485.0,5,2.95,Needs Improvement,Average,No,Yes
496,17,Male,4,Science,Daily,3,1,13,2.0,No,Indian,Cafeteria,4,No Trigger,2.3,8.9,5,7,7.41,5676.0,8,6.4,Healthy,Average,No,No
497,21,Female,3,Medicine,Never,2,6,8,5.7,Yes,Fast Food,Cafeteria,5,Sadness,2.1,6.6,3,4,5.77,3552.0,7,7.95,Healthy,Below Average,No,Yes
498,24,Female,2,Commerce,Rarely,3,0,11,4.1,Yes,Continental,Cafeteria,8,No Trigger,2.0,5.8,4,3,5.1,2665.0,5,9.45,Healthy,Below Average,No,Yes
499,20,Male,2,Engineering,Daily,2,4,9,0.7,No,Indian,Home,3,Boredom,2.9,6.1,1,9,7.43,5283.0,6,1.75,Needs Improvement,Average,Yes,No
500,18,Female,3,Arts,Daily,3,1,12,6.2,No,Continental,Cafeteria,4,No Trigger,2.6,7.2,0,8,6.38,7414.0,7,12.4,Healthy,Average,No,No
501,24,Male,4,Arts,Never,4,4,8,2.2,No,Continental,Cafeteria,10,No Trigger,2.4,6.0,2,3,5.49,3684.0,5,3.7,Needs Improvement,Below Average,No,Yes
502,17,Female,3,Commerce,Often,3,4,6,1.3,No,Mixed,Outside,10,Boredom,2.3,5.5,4,4,6.43,6033.0,4,1.75,Needs Improvement,Average,Yes,No
503,18,Other,4,Science,Daily,2,2,12,2.1,No,Italian,Cafeteria,6,Stress,2.7,6.1,3,7,6.15,4035.0,6,5.75,Healthy,Average,Yes,No
504,23,Female,1,Arts,Daily,2,8,3,1.8,No,Mixed,Home,7,Boredom,1.9,5.7,3,6,6.89,4332.0,6,-0.4,Needs Improvement,Average,Yes,No
505,23,Female,3,Commerce,Daily,3,1,11,2.5,Yes,Mixed,Outside,3,Happiness,1.9,8.4,1,10,8.87,4413.0,8,6.55,Healthy,Excellent,No,No
506,21,Male,3,Arts,Never,2,1,12,3.8,Yes,Fast Food,Outside,5,Boredom,2.2,4.0,2,4,5.68,5967.0,4,8.8,Healthy,Below Average,Yes,Yes
507,24,Male,4,Commerce,Never,3,4,10,2.7,No,Continental,Cafeteria,1,Happiness,3.1,6.8,3,4,6.05,3232.0,6,5.05,Healthy,Average,No,Yes
508,24,Female,3,Science,Often,2,3,8,0.1,No,Mixed,Cafeteria,8,No Trigger,2.4,4.6,1,5,5.36,4235.0,3,1.05,Needs Improvement,Below Average,No,No
509,19,Male,1,Medicine,Rarely,4,4,8,1.5,Yes,Italian,Outside,2,Stress,2.2,5.3,3,4,5.16,4455.0,7,2.65,Needs Improvement,Below Average,Yes,Yes
510,22,Female,3,Medicine,Rarely,4,9,4,0.8,No,Fast Food,Home,5,No Trigger,1.7,5.4,8,4,6.51,4348.0,5,-2.1,Needs Improvement,Average,No,Yes
511,21,Male,2,Commerce,Daily,4,4,7,0.8,No,Mixed,Hostel Mess,4,No Trigger,3.1,6.4,1,4,5.51,4994.0,5,1.3,Needs Improvement,Below Average,No,No
512,17,Female,1,Commerce,Daily,2,2,9,0.3,No,Fast Food,Outside,5,Stress,2.3,5.6,2,7,6.59,3407.0,8,2.15,Needs Improvement,Average,Yes,No
513,19,Male,3,Medicine,Often,4,5,5,8.0,No,Italian,Cafeteria,4,Happiness,3.0,5.0,4,6,6.25,5262.0,5,11.0,Healthy,Average,No,No
514,18,Male,2,Arts,Rarely,4,1,11,1.4,No,Fast Food,Outside,10,Boredom,1.9,5.9,1,5,6.57,4734.0,6,4.9,Healthy,Average,Yes,Yes
515,20,Male,1,Medicine,Never,2,1,12,1.6,No,Fast Food,Cafeteria,5,Stress,1.5,7.0,3,2,5.44,6135.0,5,5.5,Healthy,Below Average,Yes,Yes
516,18,Female,4,Commerce,Often,4,6,4,0.6,Yes,Continental,Home,8,Boredom,1.4,6.4,3,5,5.83,5359.0,5,-0.9,Needs Improvement,Below Average,Yes,No
517,19,Male,2,Engineering,Daily,3,1,9,3.2,Yes,Chinese,Outside,7,Stress,1.8,5.9,0,7,6.55,3892.0,4,7.0,Healthy,Average,Yes,No
518,23,Male,4,Medicine,Rarely,2,3,10,4.8,No,Fast Food,Hostel Mess,3,No Trigger,2.2,6.4,2,6,7.42,6577.0,6,8.7,Healthy,Average,No,Yes
519,18,Female,1,Medicine,Often,2,3,9,2.8,No,Fast Food,Outside,10,Stress,1.7,4.4,2,4,5.46,6437.0,2,5.4,Healthy,Below Average,Yes,No
520,22,Male,2,Arts,Often,2,2,12,5.1,Yes,Fast Food,Hostel Mess,5,No Trigger,1.6,6.5,5,6,6.31,4696.0,6,10.25,Healthy,Average,No,No
521,24,Male,3,Commerce,Rarely,1,3,10,2.9,Yes,Italian,Cafeteria,10,Stress,2.5,8.1,0,5,6.81,3576.0,6,5.85,Healthy,Average,Yes,Yes
522,22,Female,4,Medicine,Never,3,4,8,3.5,Yes,Italian,Outside,4,Stress,1.4,6.1,1,4,6.22,1500.0,6,5.65,Healthy,Average,Yes,Yes
523,23,Female,4,Engineering,Often,2,2,9,0.3,No,Mixed,Hostel Mess,9,Boredom,3.1,7.6,1,6,5.74,4208.0,7,2.15,Needs Improvement,Below Average,Yes,No
524,17,Female,2,Engineering,Never,3,1,10,2.2,No,Italian,Home,9,No Trigger,1.9,5.8,1,2,5.55,5158.0,6,5.8,Healthy,Below Average,No,Yes
525,24,Male,3,Science,Rarely,4,4,7,0.3,No,Italian,Cafeteria,10,Boredom,2.7,7.3,5,4,6.92,4157.0,6,0.55,Needs Improvement,Average,Yes,Yes
526,19,Male,3,Arts,Rarely,4,7,7,2.3,No,Indian,Home,4,Boredom,1.8,4.9,5,5,6.78,4404.0,6,2.05,Needs Improvement,Average,Yes,Yes
527,18,Female,1,Arts,Often,3,1,11,1.7,No,Chinese,Hostel Mess,6,Happiness,2.5,7.3,4,8,7.33,1950.0,7,5.35,Healthy,Average,No,No
528,21,Female,4,Arts,Daily,2,2,11,6.1,Yes,Italian,Outside,6,Boredom,2.4,6.2,6,4,7.01,4739.0,6,11.45,Healthy,Average,Yes,No
529,18,Male,1,Science,Daily,3,5,8,2.3,Yes,Indian,Home,3,No Trigger,2.3,6.3,2,7,6.83,2957.0,6,3.35,Needs Improvement,Average,No,No
530,20,Female,2,Arts,Daily,4,3,9,3.4,No,Italian,Outside,5,No Trigger,2.4,6.7,6,8,6.35,5354.0,6,6.3,Healthy,Average,No,No
531,17,Female,1,Engineering,Often,3,3,8,1.5,No,Fast Food,Home,7,Stress,2.2,5.7,0,6,7.23,5971.0,6,3.15,Needs Improvement,Average,Yes,No
532,24,Male,3,Science,Daily,3,1,13,3.4,Yes,Chinese,Cafeteria,5,Boredom,3.4,4.8,2,6,7.39,2740.0,3,8.5,Healthy,Average,Yes,No
533,19,Male,2,Arts,Often,2,5,9,0.8,No,Continental,Hostel Mess,2,No Trigger,1.9,6.4,2,7,6.89,5317.0,7,1.4,Needs Improvement,Average,No,No
534,22,Male,1,Arts,Never,2,5,5,2.0,No,Italian,Home,9,Stress,1.7,5.8,3,3,5.41,4059.0,6,2.0,Needs Improvement,Below Average,Yes,Yes
535,22,Female,4,Commerce,Never,1,1,13,1.1,Yes,Italian,Home,9,No Trigger,2.8,6.4,1,2,4.06,1501.0,4,5.05,Healthy,Below Average,No,Yes
536,20,Male,1,Science,Rarely,3,2,12,4.0,No,Mixed,Cafeteria,5,No Trigger,3.3,6.1,3,3,4.89,5142.0,7,8.6,Healthy,Below Average,No,Yes
537,18,Female,3,Science,Daily,3,3,7,2.0,No,Chinese,Outside,8,Stress,1.9,7.9,2,7,7.56,3126.0,6,3.6,Needs Improvement,Good,Yes,No
538,18,Male,2,Arts,Rarely,4,1,12,2.3,No,Italian,Hostel Mess,8,Stress,2.9,6.1,1,4,6.12,3989.0,6,6.55,Healthy,Average,Yes,Yes
539,23,Female,3,Commerce,Rarely,3,4,6,0.6,No,Indian,Cafeteria,9,Stress,1.3,5.4,2,4,6.16,6424.0,4,0.7,Needs Improvement,Average,Yes,Yes
540,18,Male,4,Engineering,Often,3,7,7,0.9,No,Fast Food,Outside,4,Happiness,0.5,5.4,2,3,5.14,3946.0,5,-0.05,Needs Improvement,Below Average,No,No
541,20,Female,3,Commerce,Often,4,2,8,2.8,No,Chinese,Cafeteria,10,Happiness,1.8,6.5,1,5,6.66,3986.0,6,5.6,Healthy,Average,No,No
542,19,Female,1,Medicine,Often,2,4,6,1.2,No,Continental,Hostel Mess,10,No Trigger,2.3,6.7,4,5,6.78,6129.0,4,1.6,Needs Improvement,Average,No,No
543,24,Female,2,Engineering,Often,4,3,10,1.3,No,Mixed,Home,2,No Trigger,1.7,7.7,1,7,5.82,1757.0,6,3.45,Needs Improvement,Below Average,No,No
544,24,Female,1,Engineering,Never,2,1,9,2.0,No,Fast Food,Hostel Mess,9,Stress,1.0,7.8,4,4,4.74,4350.0,7,5.2,Healthy,Below Average,Yes,Yes
545,20,Female,2,Engineering,Daily,1,8,5,8.0,No,Continental,Outside,7,Stress,3.2,4.6,3,6,6.92,3062.0,5,9.5,Healthy,Average,Yes,No
546,24,Female,2,Medicine,Daily,2,2,11,3.2,No,Continental,Hostel Mess,9,Stress,2.1,5.1,1,5,7.47,4593.0,6,7.1,Healthy,Average,Yes,No
547,17,Male,1,Science,Rarely,3,3,11,2.7,Yes,Fast Food,Outside,6,No Trigger,1.6,5.6,1,6,6.98,5448.0,5,5.85,Healthy,Average,No,Yes
548,19,Female,1,Medicine,Rarely,3,3,7,0.8,No,Mixed,Cafeteria,7,Stress,1.7,4.3,3,3,5.42,5052.0,5,1.8,Needs Improvement,Below Average,Yes,Yes
549,17,Female,2,Commerce,Often,2,4,10,0.5,Yes,Continental,Hostel Mess,2,No Trigger,2.1,7.1,0,6,6.03,4261.0,7,1.75,Needs Improvement,Average,No,No
550,18,Male,4,Medicine,Daily,2,4,6,0.6,No,Mixed,Home,5,Stress,2.9,6.4,0,6,6.16,3600.0,6,0.7,Needs Improvement,Average,Yes,No
551,21,Female,2,Commerce,Never,3,4,10,2.8,No,Fast Food,Hostel Mess,4,Stress,2.4,8.3,2,4,5.8,4146.0,6,5.2,Healthy,Below Average,Yes,Yes
552,20,Female,3,Arts,Daily,3,3,7,3.2,No,Indian,Cafeteria,10,No Trigger,2.8,6.7,1,6,5.46,5704.0,8,5.4,Healthy,Below Average,No,No
553,20,Female,4,Engineering,Rarely,3,5,5,0.7,No,Continental,Home,4,Stress,2.5,5.7,2,4,6.31,4386.0,6,0.05,Needs Improvement,Average,Yes,Yes
554,19,Female,1,Engineering,Rarely,3,2,9,4.1,Yes,Mixed,Outside,10,Boredom,2.5,6.5,0,5,6.44,3950.0,6,7.85,Healthy,Average,Yes,Yes
555,24,Male,1,Arts,Never,2,1,11,2.9,No,Continental,Outside,6,No Trigger,3.2,6.2,3,3,4.61,5389.0,5,7.15,Healthy,Below Average,No,Yes
556,19,Male,1,Medicine,Daily,4,4,7,1.8,No,Mixed,Home,7,Stress,1.8,6.1,2,6,6.48,4035.0,5,2.8,Needs Improvement,Average,Yes,No
557,24,Male,3,Commerce,Rarely,3,1,12,5.0,Yes,Fast Food,Outside,6,Boredom,1.2,7.5,1,6,7.39,2474.0,7,10.6,Healthy,Average,Yes,Yes
558,18,Female,4,Commerce,Daily,4,2,8,1.8,Yes,Continental,Hostel Mess,1,No Trigger,2.8,7.3,4,7,8.02,5041.0,7,4.1,Needs Improvement,Good,No,No
559,18,Female,4,Engineering,Never,2,2,11,1.0,No,Fast Food,Cafeteria,9,Sadness,2.1,6.9,1,2,5.71,1500.0,5,3.8,Needs Improvement,Below Average,No,Yes
560,18,Male,3,Medicine,Often,4,5,8,0.6,Yes,Indian,Cafeteria,3,Happiness,1.6,5.3,0,5,6.27,3804.0,6,0.8,Needs Improvement,Average,No,No
561,19,Male,1,Engineering,Often,4,4,8,0.5,No,Fast Food,Outside,7,Happiness,2.2,7.3,1,9,8.43,3872.0,5,1.15,Needs Improvement,Good,No,No
562,21,Female,1,Engineering,Never,1,0,10,0.1,No,Continental,Hostel Mess,4,No Trigger,3.0,6.1,4,4,5.05,4025.0,7,3.15,Needs Improvement,Below Average,No,Yes
563,21,Female,1,Commerce,Rarely,3,3,8,0.3,No,Indian,Cafeteria,6,Happiness,2.0,7.8,3,6,7.12,4005.0,6,1.35,Needs Improvement,Average,No,Yes
564,17,Other,2,Commerce,Rarely,4,7,4,3.2,No,Italian,Home,4,Boredom,1.6,8.0,0,5,6.4,4694.0,7,2.5,Needs Improvement,Average,Yes,Yes
565,19,Male,2,Arts,Rarely,3,1,11,1.4,No,Mixed,Cafeteria,9,Stress,2.9,4.8,2,5,5.56,4332.0,4,4.9,Healthy,Below Average,Yes,Yes
566,21,Male,4,Commerce,Often,2,0,10,1.4,Yes,Chinese,Hostel Mess,10,Boredom,2.9,7.0,4,6,6.78,4097.0,5,5.1,Healthy,Average,Yes,No
567,17,Male,3,Commerce,Rarely,2,5,7,1.8,Yes,Indian,Outside,9,No Trigger,1.5,7.1,1,4,6.16,2200.0,5,2.3,Needs Improvement,Average,No,Yes
568,24,Female,3,Arts,Rarely,2,3,10,2.0,Yes,Chinese,Home,8,Stress,1.4,5.9,1,4,6.34,3784.0,4,4.5,Healthy,Average,Yes,Yes
569,23,Female,2,Arts,Rarely,2,6,8,6.7,No,Italian,Outside,9,Boredom,2.6,8.2,2,5,5.94,7810.0,6,9.45,Healthy,Below Average,Yes,Yes
570,17,Male,3,Commerce,Never,1,4,10,2.6,No,Indian,Home,5,Stress,2.8,6.9,0,5,5.49,4520.0,7,4.9,Healthy,Below Average,Yes,Yes
571,19,Female,4,Commerce,Daily,3,1,12,5.4,Yes,Chinese,Cafeteria,3,Happiness,1.6,7.8,3,9,6.8,5636.0,7,11.2,Healthy,Average,No,No
572,23,Female,3,Arts,Never,3,4,10,4.5,No,Continental,Cafeteria,9,No Trigger,1.4,6.9,0,4,5.7,4635.0,5,7.75,Healthy,Below Average,No,Yes
573,23,Female,2,Science,Rarely,3,1,10,0.5,No,Mixed,Cafeteria,8,Stress,2.7,7.6,2,5,6.83,3745.0,6,3.25,Needs Improvement,Average,Yes,Yes
574,17,Male,4,Science,Often,2,3,10,1.1,Yes,Continental,Cafeteria,7,Stress,2.6,7.5,2,6,6.51,3054.0,8,3.15,Needs Improvement,Average,Yes,No
575,22,Female,2,Commerce,Never,3,5,8,1.2,No,Italian,Hostel Mess,9,Stress,1.8,5.9,2,3,5.25,6054.0,5,1.7,Needs Improvement,Below Average,Yes,Yes
576,24,Female,4,Commerce,Rarely,3,4,9,2.6,No,Italian,Hostel Mess,4,No Trigger,1.1,7.7,2,6,6.33,7327.0,8,4.6,Healthy,Average,No,Yes
577,22,Other,1,Medicine,Often,1,2,9,1.4,No,Chinese,Hostel Mess,1,No Trigger,2.5,6.8,1,6,6.81,3395.0,8,3.8,Needs Improvement,Average,No,No
578,21,Other,4,Medicine,Often,3,4,9,1.0,No,Indian,Cafeteria,1,Happiness,3.5,5.1,1,5,6.24,2923.0,9,2.2,Needs Improvement,Average,No,No
579,19,Male,1,Arts,Often,3,3,10,0.9,No,Indian,Hostel Mess,3,Stress,2.0,6.2,1,6,6.29,5974.0,9,2.85,Needs Improvement,Average,Yes,No
580,21,Male,3,Medicine,Rarely,3,1,13,1.0,No,Mixed,Cafeteria,9,Boredom,3.0,5.8,2,5,5.26,4056.0,4,4.9,Healthy,Below Average,Yes,Yes
581,18,Female,3,Medicine,Daily,3,3,8,0.4,No,Fast Food,Cafeteria,9,Stress,3.0,6.1,1,5,6.82,4115.0,4,1.5,Needs Improvement,Average,Yes,No
582,24,Female,4,Arts,Rarely,3,1,12,1.6,No,Indian,Cafeteria,4,No Trigger,2.0,6.6,1,5,5.49,6854.0,6,5.5,Healthy,Below Average,No,Yes
583,18,Male,3,Commerce,Often,2,2,10,0.6,No,Indian,Cafeteria,1,Boredom,1.3,8.7,1,8,6.88,4151.0,8,2.9,Needs Improvement,Average,Yes,No
584,20,Female,1,Science,Never,3,4,10,2.3,Yes,Italian,Outside,8,Boredom,2.4,6.0,2,3,5.45,4121.0,6,4.45,Healthy,Below Average,Yes,Yes
585,21,Female,3,Arts,Daily,2,3,9,2.0,No,Indian,Hostel Mess,1,No Trigger,1.7,5.2,2,6,6.64,4549.0,6,4.2,Needs Improvement,Average,No,No
586,24,Male,4,Science,Rarely,4,3,8,2.4,No,Continental,Cafeteria,9,Sadness,2.0,6.5,1,5,5.44,2926.0,3,4.5,Healthy,Below Average,No,Yes
587,23,Female,1,Medicine,Daily,3,4,7,1.6,Yes,Continental,Home,2,Boredom,1.8,5.6,0,7,6.55,4225.0,6,2.5,Needs Improvement,Average,Yes,No
588,22,Male,2,Medicine,Often,2,2,10,1.3,No,Indian,Home,7,No Trigger,1.3,6.3,1,6,6.11,3779.0,6,3.95,Needs Improvement,Average,No,No
589,17,Male,3,Science,Often,2,2,11,2.3,No,Fast Food,Outside,7,Stress,1.9,5.5,2,5,7.0,3814.0,5,5.75,Healthy,Average,Yes,No
590,20,Male,3,Engineering,Often,3,2,8,3.1,Yes,Mixed,Cafeteria,1,No Trigger,2.1,6.7,2,9,7.53,6502.0,5,6.05,Healthy,Good,No,No
591,18,Female,4,Commerce,Daily,3,7,3,5.1,Yes,Italian,Hostel Mess,4,No Trigger,3.2,7.4,1,6,6.36,4985.0,8,5.05,Healthy,Average,No,No
592,21,Other,3,Commerce,Rarely,2,5,5,1.7,No,Chinese,Hostel Mess,7,Boredom,1.8,6.5,1,4,5.01,5525.0,5,1.55,Needs Improvement,Below Average,Yes,Yes
593,18,Female,1,Engineering,Rarely,3,2,12,3.9,No,Chinese,Cafeteria,9,Sadness,2.5,4.5,3,3,5.2,2597.0,5,8.45,Healthy,Below Average,No,Yes
594,22,Female,1,Medicine,Daily,3,7,7,0.1,No,Continental,Hostel Mess,8,Boredom,2.1,6.8,5,6,6.76,3896.0,4,-1.25,Needs Improvement,Average,Yes,No
595,22,Female,1,Engineering,Often,2,4,7,0.1,No,Indian,Home,2,Boredom,1.4,7.3,2,6,7.0,4204.0,6,0.25,Needs Improvement,Average,Yes,No
596,19,Male,1,Medicine,Never,4,2,12,2.0,Yes,Mixed,Hostel Mess,2,No Trigger,1.5,5.9,0,3,6.17,4077.0,8,5.6,Healthy,Average,No,Yes
597,23,Female,3,Commerce,Often,4,4,6,3.1,Yes,Fast Food,Home,6,Happiness,1.8,5.7,1,6,6.49,3150.0,6,4.45,Healthy,Average,No,No
598,18,Female,3,Engineering,Rarely,3,0,10,2.1,Yes,Mixed,Outside,7,Stress,2.4,6.5,1,4,5.13,3584.0,7,6.15,Healthy,Below Average,Yes,Yes
599,20,Male,4,Arts,Often,2,4,6,0.3,No,Indian,Hostel Mess,6,Stress,2.6,6.2,4,5,5.69,5620.0,7,0.25,Needs Improvement,Below Average,Yes,No
600,20,Female,2,Commerce,Rarely,2,2,9,2.2,No,Italian,Hostel Mess,10,Happiness,2.0,7.8,0,4,4.94,3117.0,5,5.0,Healthy,Below Average,No,Yes
601,23,Female,4,Engineering,Rarely,3,2,8,3.9,No,Indian,Home,6,Happiness,2.2,5.4,6,6,6.66,3625.0,6,7.25,Healthy,Average,No,Yes
602,18,Male,1,Science,Daily,4,1,11,0.6,No,Indian,Outside,3,Boredom,2.9,6.7,4,7,8.31,4597.0,6,3.7,Needs Improvement,Good,Yes,No
603,17,Male,3,Science,Never,4,4,7,1.7,No,Indian,Cafeteria,9,Boredom,1.2,7.2,3,2,4.44,4472.0,6,2.65,Needs Improvement,Below Average,Yes,Yes
604,21,Male,1,Commerce,Daily,2,1,13,1.1,Yes,Mixed,Outside,1,Stress,3.0,5.5,3,6,5.74,4156.0,6,5.05,Healthy,Below Average,Yes,No
605,19,Female,1,Commerce,Never,2,4,7,1.0,No,Chinese,Cafeteria,5,Happiness,1.4,6.1,2,4,4.89,4332.0,6,1.6,Needs Improvement,Below Average,No,Yes
606,21,Male,4,Engineering,Never,2,6,8,3.9,No,Indian,Cafeteria,2,Stress,2.0,6.8,0,5,6.08,6139.0,6,5.25,Healthy,Average,Yes,Yes
607,18,Female,4,Medicine,Often,3,5,8,1.4,Yes,Continental,Home,3,Happiness,2.7,6.0,0,6,5.86,5475.0,6,2.0,Needs Improvement,Below Average,No,No
608,19,Female,4,Science,Daily,2,3,8,2.0,Yes,Chinese,Hostel Mess,10,Stress,2.4,7.6,4,8,6.92,4519.0,4,3.9,Needs Improvement,Average,Yes,No
609,20,Male,1,Commerce,Often,2,1,11,0.8,Yes,Italian,Outside,5,Happiness,2.5,5.6,2,4,6.88,3330.0,7,4.0,Needs Improvement,Average,No,No
610,22,Male,2,Engineering,Daily,2,6,6,1.8,No,Continental,Outside,8,No Trigger,2.4,7.6,0,7,7.27,2647.0,4,1.5,Needs Improvement,Average,No,No
611,21,Male,1,Science,Rarely,3,2,12,0.7,No,Fast Food,Outside,10,Sadness,2.2,7.8,1,5,6.47,5499.0,7,3.65,Needs Improvement,Average,No,Yes
612,22,Female,3,Arts,Often,4,3,11,1.9,No,Indian,Cafeteria,6,No Trigger,1.7,6.5,3,6,6.43,7392.0,6,4.65,Healthy,Average,No,No
613,24,Male,3,Medicine,Rarely,3,4,8,0.6,No,Mixed,Hostel Mess,1,Boredom,2.5,6.4,1,5,5.8,4341.0,7,1.3,Needs Improvement,Below Average,Yes,Yes
614,21,Male,3,Science,Often,3,3,8,2.8,No,Chinese,Cafeteria,4,Happiness,2.8,5.8,3,6,6.35,4316.0,6,5.1,Healthy,Average,No,No
615,21,Male,1,Medicine,Daily,3,4,10,1.2,No,Italian,Outside,8,Stress,2.2,7.2,3,7,6.24,6762.0,4,2.8,Needs Improvement,Average,Yes,No
616,18,Male,3,Engineering,Rarely,4,2,8,4.0,No,Mixed,Hostel Mess,2,No Trigger,2.0,5.8,1,5,6.41,3384.0,6,7.4,Healthy,Average,No,Yes
617,20,Male,1,Engineering,Rarely,2,6,5,2.7,Yes,Italian,Cafeteria,6,Boredom,2.1,7.0,3,4,5.67,6217.0,8,2.55,Needs Improvement,Below Average,Yes,Yes
618,20,Male,3,Engineering,Never,3,7,5,0.8,Yes,Fast Food,Outside,5,No Trigger,1.8,4.8,2,3,4.87,6492.0,5,-0.8,Needs Improvement,Below Average,No,Yes
619,24,Male,1,Engineering,Daily,3,6,7,1.6,No,Italian,Hostel Mess,7,Stress,1.7,4.8,1,5,6.98,4684.0,7,1.5,Needs Improvement,Average,Yes,No
620,24,Other,2,Commerce,Often,2,1,10,2.1,No,Indian,Outside,1,No Trigger,4.0,5.3,2,7,6.75,6031.0,6,5.65,Healthy,Average,No,No
621,21,Male,1,Engineering,Daily,2,1,13,2.0,Yes,Continental,Cafeteria,8,Stress,1.3,6.0,3,7,6.5,4733.0,5,6.4,Healthy,Average,Yes,No
622,19,Female,4,Medicine,Daily,3,2,12,0.8,No,Indian,Hostel Mess,1,No Trigger,2.8,6.1,0,7,7.79,4215.0,6,3.8,Needs Improvement,Good,No,No
623,21,Male,2,Commerce,Often,3,3,8,7.5,No,Indian,Cafeteria,7,No Trigger,2.4,6.9,3,7,6.2,3593.0,6,12.15,Healthy,Average,No,No
624,18,Female,1,Science,Rarely,3,4,8,7.7,Yes,Indian,Cafeteria,3,Stress,2.3,6.7,2,3,4.88,4855.0,6,11.95,Healthy,Below Average,Yes,Yes
625,22,Female,3,Commerce,Never,3,5,8,1.2,No,Continental,Hostel Mess,10,Stress,1.7,6.3,1,4,5.44,1796.0,5,1.7,Needs Improvement,Below Average,Yes,Yes
626,24,Female,2,Engineering,Never,3,6,6,1.6,No,Italian,Outside,7,Stress,1.6,7.1,3,4,5.06,3816.0,6,1.2,Needs Improvement,Below Average,Yes,Yes
627,17,Male,3,Arts,Often,4,1,12,1.3,Yes,Fast Food,Home,1,Boredom,2.7,6.8,2,8,7.92,7345.0,5,5.05,Healthy,Good,Yes,No
628,23,Female,4,Science,Often,3,5,8,3.7,Yes,Continental,Outside,4,Sadness,2.9,7.1,1,7,6.16,5052.0,8,5.45,Healthy,Average,No,No
629,23,Male,2,Science,Often,4,1,12,5.7,No,Fast Food,Hostel Mess,5,Boredom,2.4,5.3,0,6,5.84,3324.0,4,11.65,Healthy,Below Average,Yes,No
630,22,Male,1,Science,Often,2,3,8,2.5,No,Chinese,Outside,9,No Trigger,2.6,6.8,2,6,5.26,3830.0,5,4.65,Healthy,Below Average,No,No
631,21,Female,1,Science,Often,2,5,9,2.8,No,Continental,Cafeteria,2,No Trigger,2.2,6.3,1,7,6.93,5709.0,6,4.4,Healthy,Average,No,No
632,20,Male,4,Arts,Daily,2,1,11,1.5,No,Italian,Hostel Mess,10,Stress,2.4,5.7,2,7,7.57,3104.0,3,5.05,Healthy,Good,Yes,No
633,20,Female,3,Medicine,Daily,3,7,5,1.6,Yes,Italian,Outside,1,Stress,1.6,4.4,2,7,6.81,4332.0,5,0.4,Needs Improvement,Average,Yes,No
634,17,Female,4,Commerce,Rarely,4,7,3,2.8,No,Italian,Cafeteria,2,Sadness,1.4,6.2,2,5,6.25,3743.0,6,1.6,Needs Improvement,Average,No,Yes
635,19,Male,4,Medicine,Daily,2,1,12,1.5,No,Continental,Cafeteria,7,Boredom,2.4,7.3,1,7,6.41,4105.0,6,5.35,Healthy,Average,Yes,No
636,19,Male,4,Science,Often,4,3,9,3.8,No,Italian,Hostel Mess,1,No Trigger,2.6,7.6,1,7,6.21,3233.0,7,6.9,Healthy,Average,No,No
637,18,Female,2,Arts,Rarely,3,3,10,0.9,No,Italian,Outside,1,No Trigger,2.6,8.7,3,7,6.92,2934.0,8,2.85,Needs Improvement,Average,No,Yes
638,18,Male,2,Arts,Daily,4,3,8,4.0,No,Italian,Hostel Mess,7,Happiness,0.9,8.3,3,8,7.52,4965.0,8,6.9,Healthy,Good,No,No
639,21,Male,1,Engineering,Often,3,2,11,5.6,No,Continental,Hostel Mess,7,Boredom,3.1,7.2,2,6,6.14,4602.0,7,10.7,Healthy,Average,Yes,No
640,22,Female,1,Arts,Daily,3,3,7,1.9,Yes,Mixed,Outside,3,No Trigger,2.6,5.2,2,7,8.69,3185.0,6,3.45,Needs Improvement,Excellent,No,No
641,18,Female,4,Arts,Daily,3,3,10,1.9,No,Continental,Cafeteria,1,Stress,2.2,5.3,2,8,7.61,5751.0,5,4.35,Healthy,Good,Yes,No
642,21,Other,4,Science,Rarely,3,2,12,1.4,No,Indian,Cafeteria,9,Boredom,2.2,5.7,1,4,4.98,4214.0,5,4.7,Healthy,Below Average,Yes,Yes
643,20,Female,3,Commerce,Daily,3,4,9,2.8,No,Indian,Cafeteria,3,Happiness,3.6,7.2,2,5,6.18,4434.0,6,4.9,Healthy,Average,No,No
644,19,Male,2,Arts,Rarely,4,5,6,2.0,No,Fast Food,Cafeteria,4,Happiness,2.0,5.6,3,4,5.45,5199.0,5,2.3,Needs Improvement,Below Average,No,Yes
645,20,Male,3,Arts,Never,2,2,8,0.7,Yes,Mixed,Outside,5,No Trigger,2.2,7.3,3,4,6.44,4135.0,6,2.45,Needs Improvement,Average,No,Yes
646,18,Male,3,Science,Daily,2,5,8,0.9,No,Indian,Outside,10,Boredom,1.7,6.9,1,6,6.55,6871.0,6,1.25,Needs Improvement,Average,Yes,No
647,18,Male,3,Medicine,Daily,2,2,9,1.8,No,Chinese,Home,2,No Trigger,2.4,5.2,3,8,7.49,4620.0,5,4.4,Healthy,Average,No,No
648,20,Female,4,Arts,Daily,3,1,13,0.9,No,Chinese,Hostel Mess,2,No Trigger,2.1,6.6,1,8,7.38,6036.0,8,4.75,Healthy,Average,No,No
649,21,Female,3,Science,Daily,4,0,12,3.0,No,Indian,Outside,3,Happiness,2.6,6.3,1,9,7.16,5888.0,7,8.1,Healthy,Average,No,No
650,24,Female,1,Medicine,Daily,4,3,8,0.6,No,Mixed,Outside,3,No Trigger,2.2,5.1,0,6,6.54,1500.0,5,1.8,Needs Improvement,Average,No,No
